Workbook

Sheet SF2_Default
G1: School Form 2 (SF 2) Default List
E4: School ID | G4: 406295 | I4: Region | J4: NCR | M4: Division | T4: District
D6: School Name | G6: MANILA CATHEDRAL SCHOOL | N6: School Year | Q6: 2026-2027 | T6: Grade Level | V6: Grade 8 | X6: Section | Y6: St. Faustina Kowalska
F7: Input Data --> | G7: 18bv1eDZ44WeRUvI57WYYa2WssBKnPdYiw2kY3-7jC3Q | H7: Last Male row --> | I7: =IFERROR(__xludf.DUMMYFUNCTION("importrange(CONCATENATE(""https://docs.google.com/spreadsheets/d/"",$F$7),""INPUT DATA!AF11"")"),"#REF!") -> #REF! | J7: =IFERROR(__xludf.DUMMYFUNCTION("importrange(CONCATENATE(""https://docs.google.com/spreadsheets/d/"",$F$7),""INPUT DATA!AF12"")"),"#REF!") -> #REF! | K7: <-- Last Female row
D9: (Last Name, First Name, Middle Name) NAME | H9: * Enrolment as of (1st Friday of June) | N9: Class Adviser | O9: Mr. John Rey Tubello
B10: LRN | C10: ID NUMBER | D10: LEARNER'S NAME | H10: Male | J10: Female
A11: MALE | H11: =H61 -> 21 | J11: =H112 -> 22 | N11: School Principal | O11: Mrs. Lucile Ariette A. Bautista
A12: 1 | B12: 136446180211 | C12: 23-003330 | D12: BONIFACIO LORD RANI KARL PAINAGA | H12: ↑ | J12: ↑
A13: 2 | B13: 136440170036 | C13: 25-001275 | D13: BUCACAO JOHNREEVE KHARI ALFONSO | H13: modify these values when necessary
A14: 3 | B14: 408125180026 | C14: 19-00091 | D14: CANDELARIA JAYREN D
A15: 4 | B15: 406295180045 | C15: 18-00355 | D15: CAY ROJER JYUAN P
A16: 5 | B16: 136432180240 | C16: 25-000460 | D16: CEZAR JOHN MANUEL DE LEON
A17: 6 | B17: 418708180015 | C17: 20-00075 | D17: CONJE LEOBERT JOROS D
A18: 7 | B18: 407900180024 | C18: 25-001588 | D18: DE LEON MARCUS BRENT TITCO
A19: 8 | B19: 408047180004 | C19: 19-00239 | D19: DEL ROSARIO ROBIN DALE A
A20: 9 | B20: 406295180047 | C20: 18-00100 | D20: DIEGO DAN LEONARD Q
A21: 10 | B21: 407956170024 | C21: 19-00097 | D21: GAMBOA OLIVER FRANCOIS Z
A22: 11 | B22: 136435180348 | C22: 25-000134 | D22: GO KELLIN CHASE SAN PEDRO
A23: 12 | B23: 136439180131 | C23: 25-000839 | D23: MALINIS ANDREI JAMES PARAGATOS
A24: 13 | B24: 406295180115 | C24: 18-003875 | D24: PALMA BLAINE XANDER PIMENTEL
A25: 14 | B25: 136435180262 | C25: 25-001190 | D25: POBLETE ARGI CALEB VALENCIA
... A28: 17 | B28: 408227180174 | C28: 25-000718 | D28: ROBLEDO JOHN MIGUEL SERRANO
A29: 18 | B29: \'406295180052 | C29: 18-003660 | D29: SACLOLO JUANCHO JAKOB MAGTOTO
A30: 19 | B30: 136435180301 | C30: 25-001855 | D30: SALANGSANG DION CARLO DIONISIO
A31: 20 | B31: 115281180009 | C31: 25-001426 | D31: SALIGUMBA MAEL CHARLES
A32: 21 | B32: 406295180031 | C32: 2017-61225 | D32: TOLENTINO MARCUS CARSTEN B
A33: 22
A34: 23
A35: 24
A36: 25
A37: 26
A38: 27
A39: 28
A40: 29
A41: 30
A42: 31 | J42: =IF(ISBLANK(I42),"",DATEDIF(I42,$I$9,"Y"))
A43: 32 | J43: =IF(ISBLANK(I43),"",DATEDIF(I43,$I$9,"Y"))
A44: 33 | J44: =IF(ISBLANK(I44),"",DATEDIF(I44,$I$9,"Y"))
A45: 34 | J45: =IF(ISBLANK(I45),"",DATEDIF(I45,$I$9,"Y"))
A46: 35 | J46: =IF(ISBLANK(I46),"",DATEDIF(I46,$I$9,"Y"))
A47: 36 | J47: =IF(ISBLANK(I47),"",DATEDIF(I47,$I$9,"Y"))
A48: 37 | J48: =IF(ISBLANK(I48),"",DATEDIF(I48,$I$9,"Y"))
A49: 38 | J49: =IF(ISBLANK(I49),"",DATEDIF(I49,$I$9,"Y"))
A50: 39 | J50: =IF(ISBLANK(I50),"",DATEDIF(I50,$I$9,"Y"))
A51: 40 | J51: =IF(ISBLANK(I51),"",DATEDIF(I51,$I$9,"Y"))
A52: 41 | J52: =IF(ISBLANK(I52),"",DATEDIF(I52,$I$9,"Y"))
A53: 42 | J53: =IF(ISBLANK(I53),"",DATEDIF(I53,$I$9,"Y"))
... A60: 49 | J60: =IF(ISBLANK(I60),"",DATEDIF(I60,$I$9,"Y"))
A61: 50 | H61: =COUNTIF(D12:D61,"*") -> 21 | J61: =IF(ISBLANK(I61),"",DATEDIF(I61,$I$9,"Y"))
A62: FEMALE | J62: =IF(ISBLANK(I62),"",DATEDIF(I62,$I$9,"Y"))
A63: 1 | B63: 408007180031 | C63: 25-000800 | D63: ANGELES ALLERIA JHANE TUBIANO | J63: =IF(ISBLANK(I63),"",DATEDIF(I63,$I$9,"Y"))
A64: 2 | B64: 408472180010 | C64: 25-001230 | D64: BELISARIO ELIJAH MIRIONETTE | J64: =IF(ISBLANK(I64),"",DATEDIF(I64,$I$9,"Y"))
A65: 3 | B65: 406295180057 | C65: 18-003636 | D65: BENEDICTO CASSANDRA VIELLE V | J65: =IF(ISBLANK(I65),"",DATEDIF(I65,$I$9,"Y"))
A66: 4 | B66: 406295180084 | C66: 24-001215 | D66: BONIFACIO MARY JOICE BONIFACIO | J66: =IF(ISBLANK(I66),"",DATEDIF(I66,$I$9,"Y"))
A67: 5 | B67: 408010180093 | C67: 25-001589 | D67: CABUSA KYRIE BLAIRE TENERIFE | J67: =IF(ISBLANK(I67),"",DATEDIF(I67,$I$9,"Y"))
A68: 6 | B68: 483644180011 | C68: 22-000390 | D68: DELA CRUZ BRINA MARCE GATUS | J68: =IF(ISBLANK(I68),"",DATEDIF(I68,$I$9,"Y"))
A69: 7 | B69: 408227180166 | C69: 19-00080 | D69: DELOS REYES KREEZHA CYLEE D | J69: =IF(ISBLANK(I69),"",DATEDIF(I69,$I$9,"Y"))
A70: 8 | B70: 423031180001 | C70: 19-00075 | D70: ESCOTO RICH ANNE MARY REYES | J70: =IF(ISBLANK(I70),"",DATEDIF(I70,$I$9,"Y"))
A71: 9 | B71: 406287180021 | C71: 20-00037 | D71: FORTUNO AZZURIE SOLAYMAN | J71: =IF(ISBLANK(I71),"",DATEDIF(I71,$I$9,"Y"))
A72: 10 | B72: 136432180420 | C72: 25-000884 | D72: FORTUNO JAYRA VALERIO | J72: =IF(ISBLANK(I72),"",DATEDIF(I72,$I$9,"Y"))
A73: 11 | B73: 136435180056 | C73: 25-001164 | D73: FUENTES BREEANA KLEIN ALMONIÑA | J73: =IF(ISBLANK(I73),"",DATEDIF(I73,$I$9,"Y"))
A74: 12 | B74: 136435180016 | C74: 25-000191 | D74: GABUTEN KEISZHA ANDREA ANTIOJO | J74: =IF(ISBLANK(I74),"",DATEDIF(I74,$I$9,"Y"))
... A84: 22 | B84: 136435180366 | C84: 25-000089 | D84: VICQUERRA ELLERIE MICH SECRETARIO | J84: =IF(ISBLANK(I84),"",DATEDIF(I84,$I$9,"Y"))
A85: 23 | J85: =IF(ISBLANK(I85),"",DATEDIF(I85,$I$9,"Y"))
A86: 24 | J86: =IF(ISBLANK(I86),"",DATEDIF(I86,$I$9,"Y"))
A87: 25 | J87: =IF(ISBLANK(I87),"",DATEDIF(I87,$I$9,"Y"))
A88: 26 | J88: =IF(ISBLANK(I88),"",DATEDIF(I88,$I$9,"Y"))
A89: 27 | J89: =IF(ISBLANK(I89),"",DATEDIF(I89,$I$9,"Y"))
A90: 28 | J90: =IF(ISBLANK(I90),"",DATEDIF(I90,$I$9,"Y"))
A91: 29 | J91: =IF(ISBLANK(I91),"",DATEDIF(I91,$I$9,"Y"))
A92: 30 | J92: =IF(ISBLANK(I92),"",DATEDIF(I92,$I$9,"Y"))
A93: 31 | J93: =IF(ISBLANK(I93),"",DATEDIF(I93,$I$9,"Y"))
A94: 32 | J94: =IF(ISBLANK(I94),"",DATEDIF(I94,$I$9,"Y"))
A95: 33 | J95: =IF(ISBLANK(I95),"",DATEDIF(I95,$I$9,"Y"))
A96: 34 | J96: =IF(ISBLANK(I96),"",DATEDIF(I96,$I$9,"Y"))
... A111: 49 | J111: =IF(ISBLANK(I111),"",DATEDIF(I111,$I$9,"Y"))
A112: 50 | H112: =COUNTIF(D63:D112,"*") -> 22 | J112: =IF(ISBLANK(I112),"",DATEDIF(I112,$I$9,"Y"))

Sheet SF2_JUNE
A2: School Form 2 (SF2) Daily Attendance Report of Learners
A3: (This replaces Form 1, Form 2 & STS Form 4 - Absenteeism and Dropout Profile)
G4: 1FBFCVJeD1oNUgr8CQcYAE59bhnLo5qru-QwdKVTqY24
C5: School ID | D5: =SF2_Default!G4 -> 406295 | K5: School Year | L5: =SF2_Default!Q6 -> 2026-2027 | R5: Report for the Month of | Y5: JUNE
C7: Name of School | D7: =SF2_Default!G6 -> MANILA CATHEDRAL SCHOOL | U7: Grade Level | Y7: =SF2_Default!V6 -> Grade 8 | AA7: Section | AI7: =SF2_Default!Y6 -> St. Faustina Kowalska
C9: (Last Name, First Name Middle Name) | E9: JUNE 2026 | AI9: Total for the Month | AK9: REMARKS (If DROPPED OUT, state reason, please refer to legend number 2. If TRANSFERRED IN/OUT, write the name of School.)
B10: ID NUMBER | C10: LEARNER'S NAME | E10: 1 | F10: 2 | G10: 3 | H10: 4 | I10: 5 | K10: 8 | L10: 9 | M10: 10 | N10: 11 | Q10: 15 | R10: 16 | S10: 17 | T10: 18 | U10: 19 | W10: 22 | X10: 23 | Z10: 25 | AA10: 26 | AC10: 29 | AD10: 30 | AI10: ABSENT | AJ10: TARDY
E11: M | F11: T | G11: W | H11: TH | I11: F | J11: S | K11: M | L11: T | M11: W | N11: TH | O11: F | P11: S | Q11: M | R11: T | S11: W | T11: TH | U11: F | V11: S | W11: M | X11: T | Y11: W | Z11: TH | AA11: F | AB11: S | AC11: M | AD11: T | AE11: W | AF11: TH | AG11: F
A12: 1 | B12: =SF2_Default!C12 -> 23-003330 | C12: =SF2_Default!D12 -> BONIFACIO LORD RANI KARL PAINAGA | W12: T | X12: T | AI12: =IF(ISTEXT(C12),COUNTIF(E12:AH12,"X"),"") -> 0 | AJ12: =IF(ISTEXT(C12),COUNTIF(E12:AH12,"T"),"") -> 2
A13: 2 | B13: =SF2_Default!C13 -> 25-001275 | C13: =SF2_Default!D13 -> BUCACAO JOHNREEVE KHARI ALFONSO | M13: X | T13: T | W13: T | Z13: X | AI13: =IF(ISTEXT(C13),COUNTIF(E13:AH13,"X"),"") -> 2 | AJ13: =IF(ISTEXT(C13),COUNTIF(E13:AH13,"T"),"") -> 2
A14: 3 | B14: =SF2_Default!C14 -> 19-00091 | C14: =SF2_Default!D14 -> CANDELARIA JAYREN D | AI14: =IF(ISTEXT(C14),COUNTIF(E14:AH14,"X"),"") -> 0 | AJ14: =IF(ISTEXT(C14),COUNTIF(E14:AH14,"T"),"") -> 0
A15: 4 | B15: =SF2_Default!C15 -> 18-00355 | C15: =SF2_Default!D15 -> CAY ROJER JYUAN P | M15: T | Q15: T | R15: X | S15: T | Z15: X | AI15: =IF(ISTEXT(C15),COUNTIF(E15:AH15,"X"),"") -> 2 | AJ15: =IF(ISTEXT(C15),COUNTIF(E15:AH15,"T"),"") -> 3
A16: 5 | B16: =SF2_Default!C16 -> 25-000460 | C16: =SF2_Default!D16 -> CEZAR JOHN MANUEL DE LEON | S16: T | T16: T | X16: T | AI16: =IF(ISTEXT(C16),COUNTIF(E16:AH16,"X"),"") -> 0 | AJ16: =IF(ISTEXT(C16),COUNTIF(E16:AH16,"T"),"") -> 3
A17: 6 | B17: =SF2_Default!C17 -> 20-00075 | C17: =SF2_Default!D17 -> CONJE LEOBERT JOROS D | X17: X | Z17: X | AI17: =IF(ISTEXT(C17),COUNTIF(E17:AH17,"X"),"") -> 2 | AJ17: =IF(ISTEXT(C17),COUNTIF(E17:AH17,"T"),"") -> 0
A18: 7 | B18: =SF2_Default!C18 -> 25-001588 | C18: =SF2_Default!D18 -> DE LEON MARCUS BRENT TITCO | T18: T | AI18: =IF(ISTEXT(C18),COUNTIF(E18:AH18,"X"),"") -> 0 | AJ18: =IF(ISTEXT(C18),COUNTIF(E18:AH18,"T"),"") -> 1
A19: 8 | B19: =SF2_Default!C19 -> 19-00239 | C19: =SF2_Default!D19 -> DEL ROSARIO ROBIN DALE A | Z19: X | AI19: =IF(ISTEXT(C19),COUNTIF(E19:AH19,"X"),"") -> 1 | AJ19: =IF(ISTEXT(C19),COUNTIF(E19:AH19,"T"),"") -> 0
A20: 9 | B20: =SF2_Default!C20 -> 18-00100 | C20: =SF2_Default!D20 -> DIEGO DAN LEONARD Q | R20: T | W20: X | AI20: =IF(ISTEXT(C20),COUNTIF(E20:AH20,"X"),"") -> 1 | AJ20: =IF(ISTEXT(C20),COUNTIF(E20:AH20,"T"),"") -> 1
A21: 10 | B21: =SF2_Default!C21 -> 19-00097 | C21: =SF2_Default!D21 -> GAMBOA OLIVER FRANCOIS Z | AI21: =IF(ISTEXT(C21),COUNTIF(E21:AH21,"X"),"") -> 0 | AJ21: =IF(ISTEXT(C21),COUNTIF(E21:AH21,"T"),"") -> 0
A22: 11 | B22: =SF2_Default!C22 -> 25-000134 | C22: =SF2_Default!D22 -> GO KELLIN CHASE SAN PEDRO | AI22: =IF(ISTEXT(C22),COUNTIF(E22:AH22,"X"),"") -> 0 | AJ22: =IF(ISTEXT(C22),COUNTIF(E22:AH22,"T"),"") -> 0
A23: 12 | B23: =SF2_Default!C23 -> 25-000839 | C23: =SF2_Default!D23 -> MALINIS ANDREI JAMES PARAGATOS | K23: X | AC23: T | AI23: =IF(ISTEXT(C23),COUNTIF(E23:AH23,"X"),"") -> 1 | AJ23: =IF(ISTEXT(C23),COUNTIF(E23:AH23,"T"),"") -> 1
A24: 13 | B24: =SF2_Default!C24 -> 18-003875 | C24: =SF2_Default!D24 -> PALMA BLAINE XANDER PIMENTEL | Q24: T | S24: T | T24: T | AI24: =IF(ISTEXT(C24),COUNTIF(E24:AH24,"X"),"") -> 0 | AJ24: =IF(ISTEXT(C24),COUNTIF(E24:AH24,"T"),"") -> 3
A25: 14 | B25: =SF2_Default!C25 -> 25-001190 | C25: =SF2_Default!D25 -> POBLETE ARGI CALEB VALENCIA | AI25: =IF(ISTEXT(C25),COUNTIF(E25:AH25,"X"),"") -> 0 | AJ25: =IF(ISTEXT(C25),COUNTIF(E25:AH25,"T"),"") -> 0
A26: 15 | B26: =SF2_Default!C26 -> 25-001123 | C26: =SF2_Default!D26 -> RAVELA RAM JACOB BALDEMOR | M26: T | W26: T | X26: T | AI26: =IF(ISTEXT(C26),COUNTIF(E26:AH26,"X"),"") -> 0 | AJ26: =IF(ISTEXT(C26),COUNTIF(E26:AH26,"T"),"") -> 3
A27: 16 | B27: =SF2_Default!C27 -> 25-001633 | C27: =SF2_Default!D27 -> REYES SHAWN ROWIN VILLAMOR | Q27: X | AC27: T | AI27: =IF(ISTEXT(C27),COUNTIF(E27:AH27,"X"),"") -> 1 | AJ27: =IF(ISTEXT(C27),COUNTIF(E27:AH27,"T"),"") -> 1
A28: 17 | B28: =SF2_Default!C28 -> 25-000718 | C28: =SF2_Default!D28 -> ROBLEDO JOHN MIGUEL SERRANO | AI28: =IF(ISTEXT(C28),COUNTIF(E28:AH28,"X"),"") -> 0 | AJ28: =IF(ISTEXT(C28),COUNTIF(E28:AH28,"T"),"") -> 0
A29: 18 | B29: =SF2_Default!C29 -> 18-003660 | C29: =SF2_Default!D29 -> SACLOLO JUANCHO JAKOB MAGTOTO | AI29: =IF(ISTEXT(C29),COUNTIF(E29:AH29,"X"),"") -> 0 | AJ29: =IF(ISTEXT(C29),COUNTIF(E29:AH29,"T"),"") -> 0
A30: 19 | B30: =SF2_Default!C30 -> 25-001855 | C30: =SF2_Default!D30 -> SALANGSANG DION CARLO DIONISIO | AI30: =IF(ISTEXT(C30),COUNTIF(E30:AH30,"X"),"") -> 0 | AJ30: =IF(ISTEXT(C30),COUNTIF(E30:AH30,"T"),"") -> 0
A31: 20 | B31: =SF2_Default!C31 -> 25-001426 | C31: =SF2_Default!D31 -> SALIGUMBA MAEL CHARLES | AI31: =IF(ISTEXT(C31),COUNTIF(E31:AH31,"X"),"") -> 0 | AJ31: =IF(ISTEXT(C31),COUNTIF(E31:AH31,"T"),"") -> 0
A32: 21 | B32: =SF2_Default!C32 -> 2017-61225 | C32: =SF2_Default!D32 -> TOLENTINO MARCUS CARSTEN B | K32: X | M32: X | Q32: X | S32: X | AI32: =IF(ISTEXT(C32),COUNTIF(E32:AH32,"X"),"") -> 4 | AJ32: =IF(ISTEXT(C32),COUNTIF(E32:AH32,"T"),"") -> 0
A33: 22 | B33: =SF2_Default!C33 -> 0 | C33: =SF2_Default!D33 -> 0 | AI33: =IF(ISTEXT(C33),COUNTIF(E33:AH33,"X"),"") | AJ33: =IF(ISTEXT(C33),COUNTIF(E33:AH33,"T"),"")
A34: 23 | B34: =SF2_Default!C34 -> 0 | C34: =SF2_Default!D34 -> 0 | AI34: =IF(ISTEXT(C34),COUNTIF(E34:AH34,"X"),"") | AJ34: =IF(ISTEXT(C34),COUNTIF(E34:AH34,"T"),"")
A35: 24 | B35: =SF2_Default!C35 -> 0 | C35: =SF2_Default!D35 -> 0 | AI35: =IF(ISTEXT(C35),COUNTIF(E35:AH35,"X"),"") | AJ35: =IF(ISTEXT(C35),COUNTIF(E35:AH35,"T"),"")
A36: 25 | B36: =SF2_Default!C36 -> 0 | C36: =SF2_Default!D36 -> 0 | AI36: =IF(ISTEXT(C36),COUNTIF(E36:AH36,"X"),"") | AJ36: =IF(ISTEXT(C36),COUNTIF(E36:AH36,"T"),"")
A37: 26 | B37: =SF2_Default!C37 -> 0 | C37: =SF2_Default!D37 -> 0 | AI37: =IF(ISTEXT(C37),COUNTIF(E37:AH37,"X"),"") | AJ37: =IF(ISTEXT(C37),COUNTIF(E37:AH37,"T"),"")
A38: 27 | B38: =SF2_Default!C38 -> 0 | C38: =SF2_Default!D38 -> 0 | AI38: =IF(ISTEXT(C38),COUNTIF(E38:AH38,"X"),"") | AJ38: =IF(ISTEXT(C38),COUNTIF(E38:AH38,"T"),"")
A39: 28 | B39: =SF2_Default!C39 -> 0 | C39: =SF2_Default!D39 -> 0 | AI39: =IF(ISTEXT(C39),COUNTIF(E39:AH39,"X"),"") | AJ39: =IF(ISTEXT(C39),COUNTIF(E39:AH39,"T"),"")
A40: 29 | B40: =SF2_Default!C40 -> 0 | C40: =SF2_Default!D40 -> 0 | AI40: =IF(ISTEXT(C40),COUNTIF(E40:AH40,"X"),"") | AJ40: =IF(ISTEXT(C40),COUNTIF(E40:AH40,"T"),"")
A41: 30 | B41: =SF2_Default!C41 -> 0 | C41: =SF2_Default!D41 -> 0 | AI41: =IF(ISTEXT(C41),COUNTIF(E41:AH41,"X"),"") | AJ41: =IF(ISTEXT(C41),COUNTIF(E41:AH41,"T"),"")
A42: 31 | B42: =SF2_Default!C42 -> 0 | C42: =SF2_Default!D42 -> 0 | AI42: =IF(ISTEXT(C42),COUNTIF(E42:AH42,"X"),"") | AJ42: =IF(ISTEXT(C42),COUNTIF(E42:AH42,"T"),"")
A43: 32 | B43: =SF2_Default!C43 -> 0 | C43: =SF2_Default!D43 -> 0 | AI43: =IF(ISTEXT(C43),COUNTIF(E43:AH43,"X"),"") | AJ43: =IF(ISTEXT(C43),COUNTIF(E43:AH43,"T"),"")
A44: 33 | B44: =SF2_Default!C44 -> 0 | C44: =SF2_Default!D44 -> 0 | AI44: =IF(ISTEXT(C44),COUNTIF(E44:AH44,"X"),"") | AJ44: =IF(ISTEXT(C44),COUNTIF(E44:AH44,"T"),"")
... A61: 50 | B61: =SF2_Default!C61 -> 0 | C61: =SF2_Default!D61 -> 0 | AI61: =IF(ISTEXT(C61),COUNTIF(E61:AH61,"X"),"") | AJ61: =IF(ISTEXT(C61),COUNTIF(E61:AH61,"T"),"")
C62: =COUNTIF(C12:C61,"*") -> 21 | E62: =IF(ISNUMBER(E$10),COUNTIF(E12:E61,"X"),"") -> 0 | F62: =IF(ISNUMBER(F$10),COUNTIF(F12:F61,"X"),"") -> 0 | G62: =IF(ISNUMBER(G$10),COUNTIF(G12:G61,"X"),"") -> 0 | H62: =IF(ISNUMBER(H$10),COUNTIF(H12:H61,"X"),"") -> 0 | I62: =IF(ISNUMBER(I$10),COUNTIF(I12:I61,"X"),"") -> 0 | J62: =IF(ISNUMBER(J$10),COUNTIF(J12:J61,"X"),"") | K62: =IF(ISNUMBER(K$10),COUNTIF(K12:K61,"X"),"") -> 2 | L62: =IF(ISNUMBER(L$10),COUNTIF(L12:L61,"X"),"") -> 0 | ... AH62: =IF(ISNUMBER(AH$10),COUNTIF(AH12:AH61,"X"),"") | AI62: =SUM(AI12:AI61) -> 14 | AJ62: =SUM(AJ12:AJ61) -> 20
A63: MALE | TOTAL Per Day >>> | E63: =IF(ISNUMBER(E$10),$C$62-E62,"") -> 21 | F63: =IF(ISNUMBER(F$10),$C$62-F62,"") -> 21 | G63: =IF(ISNUMBER(G$10),$C$62-G62,"") -> 21 | H63: =IF(ISNUMBER(H$10),$C$62-H62,"") -> 21 | I63: =IF(ISNUMBER(I$10),$C$62-I62,"") -> 21 | J63: =IF(ISNUMBER(J$10),$C$62-J62,"") | K63: =IF(ISNUMBER(K$10),$C$62-K62,"") -> 19 | L63: =IF(ISNUMBER(L$10),$C$62-L62,"") -> 21 | ... AH63: =IF(ISNUMBER(AH$10),$C$62-AH62,"") | AI63: =SUM(E63:AH63) -> 406 | AJ63: <<< Total MALE present for the month
A64: 1 | B64: =SF2_Default!C63 -> 25-000800 | C64: =SF2_Default!D63 -> ANGELES ALLERIA JHANE TUBIANO | AI64: =IF(ISTEXT(C64),COUNTIF(E64:AH64,"X"),"") -> 0 | AJ64: =IF(ISTEXT(C64),COUNTIF(E64:AH64,"T"),"") -> 0
A65: 2 | B65: =SF2_Default!C64 -> 25-001230 | C65: =SF2_Default!D64 -> BELISARIO ELIJAH MIRIONETTE | AI65: =IF(ISTEXT(C65),COUNTIF(E65:AH65,"X"),"") -> 0 | AJ65: =IF(ISTEXT(C65),COUNTIF(E65:AH65,"T"),"") -> 0
A66: 3 | B66: =SF2_Default!C65 -> 18-003636 | C66: =SF2_Default!D65 -> BENEDICTO CASSANDRA VIELLE V | Q66: T | R66: X | T66: T | AI66: =IF(ISTEXT(C66),COUNTIF(E66:AH66,"X"),"") -> 1 | AJ66: =IF(ISTEXT(C66),COUNTIF(E66:AH66,"T"),"") -> 2
A67: 4 | B67: =SF2_Default!C66 -> 24-001215 | C67: =SF2_Default!D66 -> BONIFACIO MARY JOICE BONIFACIO | AC67: X | AD67: X | AI67: =IF(ISTEXT(C67),COUNTIF(E67:AH67,"X"),"") -> 2 | AJ67: =IF(ISTEXT(C67),COUNTIF(E67:AH67,"T"),"") -> 0
A68: 5 | B68: =SF2_Default!C67 -> 25-001589 | C68: =SF2_Default!D67 -> CABUSA KYRIE BLAIRE TENERIFE | AI68: =IF(ISTEXT(C68),COUNTIF(E68:AH68,"X"),"") -> 0 | AJ68: =IF(ISTEXT(C68),COUNTIF(E68:AH68,"T"),"") -> 0
A69: 6 | B69: =SF2_Default!C68 -> 22-000390 | C69: =SF2_Default!D68 -> DELA CRUZ BRINA MARCE GATUS | AI69: =IF(ISTEXT(C69),COUNTIF(E69:AH69,"X"),"") -> 0 | AJ69: =IF(ISTEXT(C69),COUNTIF(E69:AH69,"T"),"") -> 0
A70: 7 | B70: =SF2_Default!C69 -> 19-00080 | C70: =SF2_Default!D69 -> DELOS REYES KREEZHA CYLEE D | U70: T | AI70: =IF(ISTEXT(C70),COUNTIF(E70:AH70,"X"),"") -> 0 | AJ70: =IF(ISTEXT(C70),COUNTIF(E70:AH70,"T"),"") -> 1
A71: 8 | B71: =SF2_Default!C70 -> 19-00075 | C71: =SF2_Default!D70 -> ESCOTO RICH ANNE MARY REYES | AI71: =IF(ISTEXT(C71),COUNTIF(E71:AH71,"X"),"") -> 0 | AJ71: =IF(ISTEXT(C71),COUNTIF(E71:AH71,"T"),"") -> 0
A72: 9 | B72: =SF2_Default!C71 -> 20-00037 | C72: =SF2_Default!D71 -> FORTUNO AZZURIE SOLAYMAN | AI72: =IF(ISTEXT(C72),COUNTIF(E72:AH72,"X"),"") -> 0 | AJ72: =IF(ISTEXT(C72),COUNTIF(E72:AH72,"T"),"") -> 0
A73: 10 | B73: =SF2_Default!C72 -> 25-000884 | C73: =SF2_Default!D72 -> FORTUNO JAYRA VALERIO | AD73: X | AI73: =IF(ISTEXT(C73),COUNTIF(E73:AH73,"X"),"") -> 1 | AJ73: =IF(ISTEXT(C73),COUNTIF(E73:AH73,"T"),"") -> 0
A74: 11 | B74: =SF2_Default!C73 -> 25-001164 | C74: =SF2_Default!D73 -> FUENTES BREEANA KLEIN ALMONIÑA | U74: T | AI74: =IF(ISTEXT(C74),COUNTIF(E74:AH74,"X"),"") -> 0 | AJ74: =IF(ISTEXT(C74),COUNTIF(E74:AH74,"T"),"") -> 1
A75: 12 | B75: =SF2_Default!C74 -> 25-000191 | C75: =SF2_Default!D74 -> GABUTEN KEISZHA ANDREA ANTIOJO | AI75: =IF(ISTEXT(C75),COUNTIF(E75:AH75,"X"),"") -> 0 | AJ75: =IF(ISTEXT(C75),COUNTIF(E75:AH75,"T"),"") -> 0
A76: 13 | B76: =SF2_Default!C75 -> 19-00431 | C76: =SF2_Default!D75 -> GONZALES JOHANNA BRIELLE | W76: T | AI76: =IF(ISTEXT(C76),COUNTIF(E76:AH76,"X"),"") -> 0 | AJ76: =IF(ISTEXT(C76),COUNTIF(E76:AH76,"T"),"") -> 1
A77: 14 | B77: =SF2_Default!C76 -> 25-001968 | C77: =SF2_Default!D76 -> LABASAN ARNIE ALCANTARA | S77: T | AC77: X | AI77: =IF(ISTEXT(C77),COUNTIF(E77:AH77,"X"),"") -> 1 | AJ77: =IF(ISTEXT(C77),COUNTIF(E77:AH77,"T"),"") -> 1
A78: 15 | B78: =SF2_Default!C77 -> 25-001630 | C78: =SF2_Default!D77 -> LOQUIANO YUMI DENNISE CONCEPCION | X78: X | AD78: X | AI78: =IF(ISTEXT(C78),COUNTIF(E78:AH78,"X"),"") -> 2 | AJ78: =IF(ISTEXT(C78),COUNTIF(E78:AH78,"T"),"") -> 0
A79: 16 | B79: =SF2_Default!C78 -> 25-000315 | C79: =SF2_Default!D78 -> MIRANDA CKEANNIE ALIYAH VINUYA | AI79: =IF(ISTEXT(C79),COUNTIF(E79:AH79,"X"),"") -> 0 | AJ79: =IF(ISTEXT(C79),COUNTIF(E79:AH79,"T"),"") -> 0
A80: 17 | B80: =SF2_Default!C79 -> 25-001863 | C80: =SF2_Default!D79 -> RABAYA CHRISTIN LOUHRAYNE BALACANAO | T80: T | AI80: =IF(ISTEXT(C80),COUNTIF(E80:AH80,"X"),"") -> 0 | AJ80: =IF(ISTEXT(C80),COUNTIF(E80:AH80,"T"),"") -> 1
A81: 18 | B81: =SF2_Default!C80 -> 25-000167 | C81: =SF2_Default!D80 -> RIVATO GILLIAN VENICE ALCANTARA | AI81: =IF(ISTEXT(C81),COUNTIF(E81:AH81,"X"),"") -> 0 | AJ81: =IF(ISTEXT(C81),COUNTIF(E81:AH81,"T"),"") -> 0
A82: 19 | B82: =SF2_Default!C81 -> 23-003585 | C82: =SF2_Default!D81 -> SEGUNDO JASMIN SIA AMALINGAN | AI82: =IF(ISTEXT(C82),COUNTIF(E82:AH82,"X"),"") -> 0 | AJ82: =IF(ISTEXT(C82),COUNTIF(E82:AH82,"T"),"") -> 0
A83: 20 | B83: =SF2_Default!C82 -> 23-003575 | C83: =SF2_Default!D82 -> SEGUNDO SOFIA MARIE TAN | T83: T | U83: T | X83: T | AC83: T | AI83: =IF(ISTEXT(C83),COUNTIF(E83:AH83,"X"),"") -> 0 | AJ83: =IF(ISTEXT(C83),COUNTIF(E83:AH83,"T"),"") -> 4
A84: 21 | B84: =SF2_Default!C83 -> 25-001289 | C84: =SF2_Default!D83 -> SUSMA JOELLA VIAN REYES | X84: T | AI84: =IF(ISTEXT(C84),COUNTIF(E84:AH84,"X"),"") -> 0 | AJ84: =IF(ISTEXT(C84),COUNTIF(E84:AH84,"T"),"") -> 1
A85: 22 | B85: =SF2_Default!C84 -> 25-000089 | C85: =SF2_Default!D84 -> VICQUERRA ELLERIE MICH SECRETARIO | AI85: =IF(ISTEXT(C85),COUNTIF(E85:AH85,"X"),"") -> 0 | AJ85: =IF(ISTEXT(C85),COUNTIF(E85:AH85,"T"),"") -> 0
A86: 23 | B86: =SF2_Default!C85 -> 0 | C86: =SF2_Default!D85 -> 0 | AI86: =IF(ISTEXT(C86),COUNTIF(E86:AH86,"X"),"") | AJ86: =IF(ISTEXT(C86),COUNTIF(E86:AH86,"T"),"")
A87: 24 | B87: =SF2_Default!C86 -> 0 | C87: =SF2_Default!D86 -> 0 | AI87: =IF(ISTEXT(C87),COUNTIF(E87:AH87,"X"),"") | AJ87: =IF(ISTEXT(C87),COUNTIF(E87:AH87,"T"),"")
A88: 25 | B88: =SF2_Default!C87 -> 0 | C88: =SF2_Default!D87 -> 0 | AI88: =IF(ISTEXT(C88),COUNTIF(E88:AH88,"X"),"") | AJ88: =IF(ISTEXT(C88),COUNTIF(E88:AH88,"T"),"")
A89: 26 | B89: =SF2_Default!C88 -> 0 | C89: =SF2_Default!D88 -> 0 | AI89: =IF(ISTEXT(C89),COUNTIF(E89:AH89,"X"),"") | AJ89: =IF(ISTEXT(C89),COUNTIF(E89:AH89,"T"),"")
A90: 27 | B90: =SF2_Default!C89 -> 0 | C90: =SF2_Default!D89 -> 0 | AI90: =IF(ISTEXT(C90),COUNTIF(E90:AH90,"X"),"") | AJ90: =IF(ISTEXT(C90),COUNTIF(E90:AH90,"T"),"")
A91: 28 | B91: =SF2_Default!C90 -> 0 | C91: =SF2_Default!D90 -> 0 | AI91: =IF(ISTEXT(C91),COUNTIF(E91:AH91,"X"),"") | AJ91: =IF(ISTEXT(C91),COUNTIF(E91:AH91,"T"),"")
A92: 29 | B92: =SF2_Default!C91 -> 0 | C92: =SF2_Default!D91 -> 0 | AI92: =IF(ISTEXT(C92),COUNTIF(E92:AH92,"X"),"") | AJ92: =IF(ISTEXT(C92),COUNTIF(E92:AH92,"T"),"")
A93: 30 | B93: =SF2_Default!C92 -> 0 | C93: =SF2_Default!D92 -> 0 | AI93: =IF(ISTEXT(C93),COUNTIF(E93:AH93,"X"),"") | AJ93: =IF(ISTEXT(C93),COUNTIF(E93:AH93,"T"),"")
A94: 31 | B94: =SF2_Default!C93 -> 0 | C94: =SF2_Default!D93 -> 0 | AI94: =IF(ISTEXT(C94),COUNTIF(E94:AH94,"X"),"") | AJ94: =IF(ISTEXT(C94),COUNTIF(E94:AH94,"T"),"")
A95: 32 | B95: =SF2_Default!C94 -> 0 | C95: =SF2_Default!D94 -> 0 | AI95: =IF(ISTEXT(C95),COUNTIF(E95:AH95,"X"),"") | AJ95: =IF(ISTEXT(C95),COUNTIF(E95:AH95,"T"),"")
A96: 33 | B96: =SF2_Default!C95 -> 0 | C96: =SF2_Default!D95 -> 0 | AI96: =IF(ISTEXT(C96),COUNTIF(E96:AH96,"X"),"") | AJ96: =IF(ISTEXT(C96),COUNTIF(E96:AH96,"T"),"")
... A113: 50 | B113: =SF2_Default!C112 -> 0 | C113: =SF2_Default!D112 -> 0 | AI113: =IF(ISTEXT(C113),COUNTIF(E113:AH113,"X"),"") | AJ113: =IF(ISTEXT(C113),COUNTIF(E113:AH113,"T"),"")
C114: =COUNTIF(C64:C113,"*") -> 22 | E114: =IF(ISNUMBER(E$10),COUNTIF(E64:E113,"X"),"") -> 0 | F114: =IF(ISNUMBER(F$10),COUNTIF(F64:F113,"X"),"") -> 0 | G114: =IF(ISNUMBER(G$10),COUNTIF(G64:G113,"X"),"") -> 0 | H114: =IF(ISNUMBER(H$10),COUNTIF(H64:H113,"X"),"") -> 0 | I114: =IF(ISNUMBER(I$10),COUNTIF(I64:I113,"X"),"") -> 0 | J114: =IF(ISNUMBER(J$10),COUNTIF(J64:J113,"X"),"") | K114: =IF(ISNUMBER(K$10),COUNTIF(K64:K113,"X"),"") -> 0 | L114: =IF(ISNUMBER(L$10),COUNTIF(L64:L113,"X"),"") -> 0 | ... AH114: =IF(ISNUMBER(AH$10),COUNTIF(AH64:AH113,"X"),"") | AI114: =SUM(AI64:AI113) -> 7 | AJ114: =SUM(AJ64:AJ113) -> 12
A115: FEMALE | TOTAL Per Day >>> | E115: =IF(ISNUMBER(E$10),$C$114-E114,"") -> 22 | F115: =IF(ISNUMBER(F$10),$C$114-F114,"") -> 22 | G115: =IF(ISNUMBER(G$10),$C$114-G114,"") -> 22 | H115: =IF(ISNUMBER(H$10),$C$114-H114,"") -> 22 | I115: =IF(ISNUMBER(I$10),$C$114-I114,"") -> 22 | J115: =IF(ISNUMBER(J$10),$C$114-J114,"") | K115: =IF(ISNUMBER(K$10),$C$114-K114,"") -> 22 | L115: =IF(ISNUMBER(L$10),$C$114-L114,"") -> 22 | ... AH115: =IF(ISNUMBER(AH$10),$C$114-AH114,"") | AI115: =SUM(E115:AH115) -> 433 | AJ115: <<< Total FEMALE present for the month
A116: Combined TOTAL PER DAY | E116: =IF(ISNUMBER(E$10),E63+E115,"") -> 43 | F116: =IF(ISNUMBER(F$10),F63+F115,"") -> 43 | G116: =IF(ISNUMBER(G$10),G63+G115,"") -> 43 | H116: =IF(ISNUMBER(H$10),H63+H115,"") -> 43 | I116: =IF(ISNUMBER(I$10),I63+I115,"") -> 43 | J116: =IF(ISNUMBER(J$10),J63+J115,"") | K116: =IF(ISNUMBER(K$10),K63+K115,"") -> 41 | L116: =IF(ISNUMBER(L$10),L63+L115,"") -> 43 | ... AH116: =IF(ISNUMBER(AH$10),AH63+AH115,"") | AI116: =AI63+AI115 -> 839 | AJ116: <<< COMBINED total present for the month
C117: FOOTER
A118: GUIDELINES: | R118: 1. CODES FOR CHECKING ATTENDANCE | AH118: Month: | AK118: No. of Days of Classes: | AM118: =COUNTIF(E10:AH10,">0") -> 20 | AN118: Summary
A119: 1. The attendance shall be accomplished daily. Refer to the codes for checking learners' attendance. | R119: (blank) - Present; (X) - Absent; (T)- Tardy | AH119: =Y5 -> JUNE | AN119: M | AO119: F | AP119: TOTAL
A120: 2. Dates shall be written in the columns after Learner's Name. | AH120: * Enrolment as of (1st Friday of June) | AN120: =SF2_Default!H11 -> 21 | AO120: =SF2_Default!J11 -> 22 | AP120: =SUM(AN120:AO120) -> 43
A121: 3. To compute the following: | R121: 2. REASONS/CAUSES FOR DROPPING OUT
A122: a. | C122: Percentage of Enrolment = | E122: Registered Learners as of end of the month | O122: x 100 | R122: a. Domestic-Related Factors | AH122: Late Enrollment during the month (beyond cut-off) | AN122: 0 | AO122: 0 | AP122: =SUM(AN122:AO122) -> 0
E123: Enrolment as of 1st Friday of the school year | R123: a.1. Had to take care of siblings
A124: b. | C124: Average Daily Attendance = | E124: Total Daily Attendance | R124: a.2. Early marriage/pregnancy | AH124: Registered Learners as of end of the month | AN124: =$C$62 -> 21 | AO124: =$C$114 -> 22 | AP124: =SUM(AN124:AO124) -> 43
E125: Number of School Days in reporting month | R125: a.3. Parents' attitude toward schooling
A126: c. | C126: Percentage of Attendance for the month = | E126: Average daily attendance | O126: x 100 | R126: a.4. Family problems | AH126: Percentage of Enrolment as of end of the month | AN126: =IF(ISNUMBER(AN120),AN124/AN120,"") -> 1 | AO126: =IF(ISNUMBER(AO120),AO124/AO120,"") -> 1 | AP126: =IF(AP120>0,AP124/AP120,"") -> 1
E127: Registered Learners as of end of the month | R127: b. Individual-Related Factors
R128: b.1. Illness | AH128: Average Daily Attendance | AN128: =ROUND($AI$63/$AM$118,2) -> 20.3 | AO128: =ROUND($AI$115/$AM$118,2) -> 21.65 | AP128: =ROUND(SUM(AN128:AO128),2) -> 41.95
A129: 4. Every end of the month, the class adviser will submit this form to the office of the principal for recording of summary table into School Form 4. Once signed by the principal, this form should be returned to the adviser. | R129: b.2. Overage
R130: b.3. Death | AH130: Percentage of Attendance for the month | AN130: =AN128/AN124 -> 0.96666667 | AO130: =AO128/AO124 -> 0.98409091 | AP130: =AVERAGE(AN130:AO131) -> 0.97537879
A131: 5. The adviser will provide neccessary interventions including but not limited to home visitation to learner/s who were absent for 5 consecutive days and/or those at risk of dropping out. | R131: b.4. Drug Abuse
R132: b.5. Poor academic performance | AH132: Number of students absent for 5 consecutive days | AN132: 0 | AO132: 0 | AP132: =SUM(AN132:AO132) -> 0
A133: 6. Attendance performance of learners will be reflected in Form 137 and Form 138 every grading period. | R133: b.6. Lack of interest/Distractions
A134: * | C134: Beginning of School Year cut-off report is every 1st Friday of the School Year | R134: b.7. Hunger/Malnutrition | AH134: Drop out | AN134: 0 | AO134: 0 | AP134: =SUM(AN134:AO134) -> 0
R135: c. School-Related Factors
...

Sheet SF2_JUL
A2: School Form 2 (SF2) Daily Attendance Report of Learners
A3: (This replaces Form 1, Form 2 & STS Form 4 - Absenteeism and Dropout Profile)
G4: 1FBFCVJeD1oNUgr8CQcYAE59bhnLo5qru-QwdKVTqY24
C5: School ID | D5: =SF2_Default!G4 -> 406295 | K5: School Year | L5: =SF2_Default!Q6 -> 2026-2027 | R5: Report for the Month of | Y5: JULY
C7: Name of School | D7: =SF2_Default!G6 -> MANILA CATHEDRAL SCHOOL | U7: Grade Level | Y7: =SF2_Default!V6 -> Grade 8 | AA7: Section | AI7: =SF2_Default!Y6 -> St. Faustina Kowalska
C9: (Last Name, First Name Middle Name) | E9: JULY 2026 | AI9: Total for the Month | AK9: REMARKS (If DROPPED OUT, state reason, please refer to legend number 2. If TRANSFERRED IN/OUT, write the name of School.)
B10: ID NUMBER | C10: LEARNER'S NAME | G10: 1 | H10: 2 | I10: 3 | K10: 6 | L10: 7 | M10: 8 | N10: 9 | O10: 10 | Q10: 13 | R10: 14 | S10: 15 | T10: 16 | U10: 17 | W10: 20 | X10: 21 | Y10: 22 | Z10: 23 | AA10: 24 | AC10: 27 | AD10: 28 | AE10: 29 | AF10: 30 | AG10: 31 | AI10: ABSENT | AJ10: TARDY
E11: M | F11: T | G11: W | H11: TH | I11: F | J11: S | K11: M | L11: T | M11: W | N11: TH | O11: F | P11: S | Q11: M | R11: T | S11: W | T11: TH | U11: F | V11: S | W11: M | X11: T | Y11: W | Z11: TH | AA11: F | AB11: S | AC11: M | AD11: T | AE11: W | AF11: TH | AG11: F
A12: 1 | B12: =SF2_Default!C12 -> 23-003330 | C12: =SF2_Default!D12 -> BONIFACIO LORD RANI KARL PAINAGA | AI12: =IF(ISTEXT(C12),COUNTIF(E12:AH12,"X"),"") -> 0 | AJ12: =IF(ISTEXT(C12),COUNTIF(E12:AH12,"T"),"") -> 0
A13: 2 | B13: =SF2_Default!C13 -> 25-001275 | C13: =SF2_Default!D13 -> BUCACAO JOHNREEVE KHARI ALFONSO | AI13: =IF(ISTEXT(C13),COUNTIF(E13:AH13,"X"),"") -> 0 | AJ13: =IF(ISTEXT(C13),COUNTIF(E13:AH13,"T"),"") -> 0
A14: 3 | B14: =SF2_Default!C14 -> 19-00091 | C14: =SF2_Default!D14 -> CANDELARIA JAYREN D | AI14: =IF(ISTEXT(C14),COUNTIF(E14:AH14,"X"),"") -> 0 | AJ14: =IF(ISTEXT(C14),COUNTIF(E14:AH14,"T"),"") -> 0
A15: 4 | B15: =SF2_Default!C15 -> 18-00355 | C15: =SF2_Default!D15 -> CAY ROJER JYUAN P | AI15: =IF(ISTEXT(C15),COUNTIF(E15:AH15,"X"),"") -> 0 | AJ15: =IF(ISTEXT(C15),COUNTIF(E15:AH15,"T"),"") -> 0
A16: 5 | B16: =SF2_Default!C16 -> 25-000460 | C16: =SF2_Default!D16 -> CEZAR JOHN MANUEL DE LEON | AI16: =IF(ISTEXT(C16),COUNTIF(E16:AH16,"X"),"") -> 0 | AJ16: =IF(ISTEXT(C16),COUNTIF(E16:AH16,"T"),"") -> 0
A17: 6 | B17: =SF2_Default!C17 -> 20-00075 | C17: =SF2_Default!D17 -> CONJE LEOBERT JOROS D | AI17: =IF(ISTEXT(C17),COUNTIF(E17:AH17,"X"),"") -> 0 | AJ17: =IF(ISTEXT(C17),COUNTIF(E17:AH17,"T"),"") -> 0
A18: 7 | B18: =SF2_Default!C18 -> 25-001588 | C18: =SF2_Default!D18 -> DE LEON MARCUS BRENT TITCO | AI18: =IF(ISTEXT(C18),COUNTIF(E18:AH18,"X"),"") -> 0 | AJ18: =IF(ISTEXT(C18),COUNTIF(E18:AH18,"T"),"") -> 0
A19: 8 | B19: =SF2_Default!C19 -> 19-00239 | C19: =SF2_Default!D19 -> DEL ROSARIO ROBIN DALE A | AI19: =IF(ISTEXT(C19),COUNTIF(E19:AH19,"X"),"") -> 0 | AJ19: =IF(ISTEXT(C19),COUNTIF(E19:AH19,"T"),"") -> 0
A20: 9 | B20: =SF2_Default!C20 -> 18-00100 | C20: =SF2_Default!D20 -> DIEGO DAN LEONARD Q | AI20: =IF(ISTEXT(C20),COUNTIF(E20:AH20,"X"),"") -> 0 | AJ20: =IF(ISTEXT(C20),COUNTIF(E20:AH20,"T"),"") -> 0
A21: 10 | B21: =SF2_Default!C21 -> 19-00097 | C21: =SF2_Default!D21 -> GAMBOA OLIVER FRANCOIS Z | AI21: =IF(ISTEXT(C21),COUNTIF(E21:AH21,"X"),"") -> 0 | AJ21: =IF(ISTEXT(C21),COUNTIF(E21:AH21,"T"),"") -> 0
A22: 11 | B22: =SF2_Default!C22 -> 25-000134 | C22: =SF2_Default!D22 -> GO KELLIN CHASE SAN PEDRO | AI22: =IF(ISTEXT(C22),COUNTIF(E22:AH22,"X"),"") -> 0 | AJ22: =IF(ISTEXT(C22),COUNTIF(E22:AH22,"T"),"") -> 0
A23: 12 | B23: =SF2_Default!C23 -> 25-000839 | C23: =SF2_Default!D23 -> MALINIS ANDREI JAMES PARAGATOS | AI23: =IF(ISTEXT(C23),COUNTIF(E23:AH23,"X"),"") -> 0 | AJ23: =IF(ISTEXT(C23),COUNTIF(E23:AH23,"T"),"") -> 0
... A61: 50 | B61: =SF2_Default!C61 -> 0 | C61: =SF2_Default!D61 -> 0 | AI61: =IF(ISTEXT(C61),COUNTIF(E61:AH61,"X"),"") | AJ61: =IF(ISTEXT(C61),COUNTIF(E61:AH61,"T"),"")
C62: =COUNTIF(C12:C61,"*") -> 21 | E62: =IF(ISNUMBER(E$10),COUNTIF(E12:E61,"X"),"") | F62: =IF(ISNUMBER(F$10),COUNTIF(F12:F61,"X"),"") | G62: =IF(ISNUMBER(G$10),COUNTIF(G12:G61,"X"),"") -> 0 | H62: =IF(ISNUMBER(H$10),COUNTIF(H12:H61,"X"),"") -> 0 | I62: =IF(ISNUMBER(I$10),COUNTIF(I12:I61,"X"),"") -> 0 | J62: =IF(ISNUMBER(J$10),COUNTIF(J12:J61,"X"),"") | K62: =IF(ISNUMBER(K$10),COUNTIF(K12:K61,"X"),"") -> 0 | L62: =IF(ISNUMBER(L$10),COUNTIF(L12:L61,"X"),"") -> 0 | ... AH62: =IF(ISNUMBER(AH$10),COUNTIF(AH12:AH61,"X"),"") | AI62: =SUM(AI12:AI61) -> 0 | AJ62: =SUM(AJ12:AJ61) -> 0
A63: MALE | TOTAL Per Day >>> | E63: =IF(ISNUMBER(E$10),$C$62-E62,"") | F63: =IF(ISNUMBER(F$10),$C$62-F62,"") | G63: =IF(ISNUMBER(G$10),$C$62-G62,"") -> 21 | H63: =IF(ISNUMBER(H$10),$C$62-H62,"") -> 21 | I63: =IF(ISNUMBER(I$10),$C$62-I62,"") -> 21 | J63: =IF(ISNUMBER(J$10),$C$62-J62,"") | K63: =IF(ISNUMBER(K$10),$C$62-K62,"") -> 21 | L63: =IF(ISNUMBER(L$10),$C$62-L62,"") -> 21 | ... AH63: =IF(ISNUMBER(AH$10),$C$62-AH62,"") | AI63: =SUM(E63:AH63) -> 483 | AJ63: <<< Total MALE present for the month
A64: 1 | B64: =SF2_Default!C63 -> 25-000800 | C64: =SF2_Default!D63 -> ANGELES ALLERIA JHANE TUBIANO | AI64: =IF(ISTEXT(C64),COUNTIF(E64:AH64,"X"),"") -> 0 | AJ64: =IF(ISTEXT(C64),COUNTIF(E64:AH64,"T"),"") -> 0
A65: 2 | B65: =SF2_Default!C64 -> 25-001230 | C65: =SF2_Default!D64 -> BELISARIO ELIJAH MIRIONETTE | AI65: =IF(ISTEXT(C65),COUNTIF(E65:AH65,"X"),"") -> 0 | AJ65: =IF(ISTEXT(C65),COUNTIF(E65:AH65,"T"),"") -> 0
A66: 3 | B66: =SF2_Default!C65 -> 18-003636 | C66: =SF2_Default!D65 -> BENEDICTO CASSANDRA VIELLE V | AI66: =IF(ISTEXT(C66),COUNTIF(E66:AH66,"X"),"") -> 0 | AJ66: =IF(ISTEXT(C66),COUNTIF(E66:AH66,"T"),"") -> 0
A67: 4 | B67: =SF2_Default!C66 -> 24-001215 | C67: =SF2_Default!D66 -> BONIFACIO MARY JOICE BONIFACIO | AI67: =IF(ISTEXT(C67),COUNTIF(E67:AH67,"X"),"") -> 0 | AJ67: =IF(ISTEXT(C67),COUNTIF(E67:AH67,"T"),"") -> 0
A68: 5 | B68: =SF2_Default!C67 -> 25-001589 | C68: =SF2_Default!D67 -> CABUSA KYRIE BLAIRE TENERIFE | AI68: =IF(ISTEXT(C68),COUNTIF(E68:AH68,"X"),"") -> 0 | AJ68: =IF(ISTEXT(C68),COUNTIF(E68:AH68,"T"),"") -> 0
A69: 6 | B69: =SF2_Default!C68 -> 22-000390 | C69: =SF2_Default!D68 -> DELA CRUZ BRINA MARCE GATUS | AI69: =IF(ISTEXT(C69),COUNTIF(E69:AH69,"X"),"") -> 0 | AJ69: =IF(ISTEXT(C69),COUNTIF(E69:AH69,"T"),"") -> 0
A70: 7 | B70: =SF2_Default!C69 -> 19-00080 | C70: =SF2_Default!D69 -> DELOS REYES KREEZHA CYLEE D | AI70: =IF(ISTEXT(C70),COUNTIF(E70:AH70,"X"),"") -> 0 | AJ70: =IF(ISTEXT(C70),COUNTIF(E70:AH70,"T"),"") -> 0
A71: 8 | B71: =SF2_Default!C70 -> 19-00075 | C71: =SF2_Default!D70 -> ESCOTO RICH ANNE MARY REYES | AI71: =IF(ISTEXT(C71),COUNTIF(E71:AH71,"X"),"") -> 0 | AJ71: =IF(ISTEXT(C71),COUNTIF(E71:AH71,"T"),"") -> 0
A72: 9 | B72: =SF2_Default!C71 -> 20-00037 | C72: =SF2_Default!D71 -> FORTUNO AZZURIE SOLAYMAN | AI72: =IF(ISTEXT(C72),COUNTIF(E72:AH72,"X"),"") -> 0 | AJ72: =IF(ISTEXT(C72),COUNTIF(E72:AH72,"T"),"") -> 0
A73: 10 | B73: =SF2_Default!C72 -> 25-000884 | C73: =SF2_Default!D72 -> FORTUNO JAYRA VALERIO | AI73: =IF(ISTEXT(C73),COUNTIF(E73:AH73,"X"),"") -> 0 | AJ73: =IF(ISTEXT(C73),COUNTIF(E73:AH73,"T"),"") -> 0
A74: 11 | B74: =SF2_Default!C73 -> 25-001164 | C74: =SF2_Default!D73 -> FUENTES BREEANA KLEIN ALMONIÑA | AI74: =IF(ISTEXT(C74),COUNTIF(E74:AH74,"X"),"") -> 0 | AJ74: =IF(ISTEXT(C74),COUNTIF(E74:AH74,"T"),"") -> 0
A75: 12 | B75: =SF2_Default!C74 -> 25-000191 | C75: =SF2_Default!D74 -> GABUTEN KEISZHA ANDREA ANTIOJO | AI75: =IF(ISTEXT(C75),COUNTIF(E75:AH75,"X"),"") -> 0 | AJ75: =IF(ISTEXT(C75),COUNTIF(E75:AH75,"T"),"") -> 0
... A113: 50 | B113: =SF2_Default!C112 -> 0 | C113: =SF2_Default!D112 -> 0 | AI113: =IF(ISTEXT(C113),COUNTIF(E113:AH113,"X"),"") | AJ113: =IF(ISTEXT(C113),COUNTIF(E113:AH113,"T"),"")
C114: =COUNTIF(C64:C113,"*") -> 22 | E114: =IF(ISNUMBER(E$10),COUNTIF(E64:E113,"X"),"") | F114: =IF(ISNUMBER(F$10),COUNTIF(F64:F113,"X"),"") | G114: =IF(ISNUMBER(G$10),COUNTIF(G64:G113,"X"),"") -> 0 | H114: =IF(ISNUMBER(H$10),COUNTIF(H64:H113,"X"),"") -> 0 | I114: =IF(ISNUMBER(I$10),COUNTIF(I64:I113,"X"),"") -> 0 | J114: =IF(ISNUMBER(J$10),COUNTIF(J64:J113,"X"),"") | K114: =IF(ISNUMBER(K$10),COUNTIF(K64:K113,"X"),"") -> 0 | L114: =IF(ISNUMBER(L$10),COUNTIF(L64:L113,"X"),"") -> 0 | ... AH114: =IF(ISNUMBER(AH$10),COUNTIF(AH64:AH113,"X"),"") | AI114: =SUM(AI64:AI113) -> 0 | AJ114: =SUM(AJ64:AJ113) -> 0
A115: FEMALE | TOTAL Per Day >>> | E115: =IF(ISNUMBER(E$10),$C$114-E114,"") | F115: =IF(ISNUMBER(F$10),$C$114-F114,"") | G115: =IF(ISNUMBER(G$10),$C$114-G114,"") -> 22 | H115: =IF(ISNUMBER(H$10),$C$114-H114,"") -> 22 | I115: =IF(ISNUMBER(I$10),$C$114-I114,"") -> 22 | J115: =IF(ISNUMBER(J$10),$C$114-J114,"") | K115: =IF(ISNUMBER(K$10),$C$114-K114,"") -> 22 | L115: =IF(ISNUMBER(L$10),$C$114-L114,"") -> 22 | ... AH115: =IF(ISNUMBER(AH$10),$C$114-AH114,"") | AI115: =SUM(E115:AH115) -> 506 | AJ115: <<< Total FEMALE present for the month
A116: Combined TOTAL PER DAY | E116: =IF(ISNUMBER(E$10),E63+E115,"") | F116: =IF(ISNUMBER(F$10),F63+F115,"") | G116: =IF(ISNUMBER(G$10),G63+G115,"") -> 43 | H116: =IF(ISNUMBER(H$10),H63+H115,"") -> 43 | I116: =IF(ISNUMBER(I$10),I63+I115,"") -> 43 | J116: =IF(ISNUMBER(J$10),J63+J115,"") | K116: =IF(ISNUMBER(K$10),K63+K115,"") -> 43 | L116: =IF(ISNUMBER(L$10),L63+L115,"") -> 43 | ... AH116: =IF(ISNUMBER(AH$10),AH63+AH115,"") | AI116: =AI63+AI115 -> 989 | AJ116: <<< COMBINED total present for the month
C117: FOOTER
A118: GUIDELINES: | R118: 1. CODES FOR CHECKING ATTENDANCE | AH118: Month: | AK118: No. of Days of Classes: | AM118: =COUNTIF(E10:AH10,">0") -> 23 | AN118: Summary
A119: 1. The attendance shall be accomplished daily. Refer to the codes for checking learners' attendance. | R119: (blank) - Present; (X) - Absent; (T)- Tardy | AH119: =Y5 -> JULY | AN119: M | AO119: F | AP119: TOTAL
A120: 2. Dates shall be written in the columns after Learner's Name. | AH120: * Enrolment as of (1st Friday of June) | AN120: =SF2_Default!H11 -> 21 | AO120: =SF2_Default!J11 -> 22 | AP120: =SUM(AN120:AO120) -> 43
A121: 3. To compute the following: | R121: 2. REASONS/CAUSES FOR DROPPING OUT
A122: a. | C122: Percentage of Enrolment = | E122: Registered Learners as of end of the month | O122: x 100 | R122: a. Domestic-Related Factors | AH122: Late Enrollment during the month (beyond cut-off) | AN122: 0 | AO122: 0 | AP122: =SUM(AN122:AO122) -> 0
E123: Enrolment as of 1st Friday of the school year | R123: a.1. Had to take care of siblings
A124: b. | C124: Average Daily Attendance = | E124: Total Daily Attendance | R124: a.2. Early marriage/pregnancy | AH124: Registered Learners as of end of the month | AN124: =$C$62 -> 21 | AO124: =$C$114 -> 22 | AP124: =SUM(AN124:AO124) -> 43
E125: Number of School Days in reporting month | R125: a.3. Parents' attitude toward schooling
A126: c. | C126: Percentage of Attendance for the month = | E126: Average daily attendance | O126: x 100 | R126: a.4. Family problems | AH126: Percentage of Enrolment as of end of the month | AN126: =IF(ISNUMBER(AN120),AN124/AN120,"") -> 1 | AO126: =IF(ISNUMBER(AO120),AO124/AO120,"") -> 1 | AP126: =IF(AP120>0,AP124/AP120,"") -> 1
E127: Registered Learners as of end of the month | R127: b. Individual-Related Factors
R128: b.1. Illness | AH128: Average Daily Attendance | AN128: =ROUND($AI$63/$AM$118,2) -> 21 | AO128: =ROUND($AI$115/$AM$118,2) -> 22 | AP128: =ROUND(SUM(AN128:AO128),2) -> 43
A129: 4. Every end of the month, the class adviser will submit this form to the office of the principal for recording of summary table into School Form 4. Once signed by the principal, this form should be returned to the adviser. | R129: b.2. Overage
R130: b.3. Death | AH130: Percentage of Attendance for the month | AN130: =AN128/AN124 -> 1 | AO130: =AO128/AO124 -> 1 | AP130: =AVERAGE(AN130:AO131) -> 1
A131: 5. The adviser will provide neccessary interventions including but not limited to home visitation to learner/s who were absent for 5 consecutive days and/or those at risk of dropping out. | R131: b.4. Drug Abuse
R132: b.5. Poor academic performance | AH132: Number of students absent for 5 consecutive days | AN132: 0 | AO132: 0 | AP132: =SUM(AN132:AO132) -> 0
A133: 6. Attendance performance of learners will be reflected in Form 137 and Form 138 every grading period. | R133: b.6. Lack of interest/Distractions
A134: * | C134: Beginning of School Year cut-off report is every 1st Friday of the School Year | R134: b.7. Hunger/Malnutrition | AH134: Drop out | AN134: 0 | AO134: 0 | AP134: =SUM(AN134:AO134) -> 0
R135: c. School-Related Factors
C136: Computations: | R136: c.1. Teacher Factor | AH136: Transferred out | AN136: 0 | AO136: 0 | AP136: =SUM(AN136:AO136) -> 0
E137: MALE | J137: FEMALE | R137: c.2. Physical condition of classroom
C138: a. Percentage of Enrolment = | E138: =$AN$124 -> 21 | G138: x 100 | J138: =$AO$124 -> 22 | L138: x 100 | R138: c.3. Peer influence | AH138: Transferred in | AN138: 0 | AO138: 0 | AP138: =SUM(AN138:AO138) -> 0
E139: =$AN$120 -> 21 | J139: =$AO$120 -> 22 | R139: d. Geographic/Environmental
R140: d.1. Distance between home and school
C141: b. Average Daily Attendance = | E141: =$AI$63 -> 483 | J141: =$AI$115 -> 506 | R141: d.2. Armed conflict (incl. Tribal wars & clanfeuds) | AH141: I certify that this is a true and correct report.
E142: =$AM$118 -> 23 | J142: =$AM$118 -> 23 | R142: d.3. Calamities/Disasters
R143: e. Financial-Related | AJ143: =SF2_Default!O9 -> Mr. John Rey Tubello
C144: c. Percentage of Attendance for the month = | E144: =$AN$128 -> 21 | G144: x 100 | J144: =$AO$128 -> 22 | L144: x 100 | R144: e.1. Child labor, work | AJ144: (Signature of Class Adviser over Printed Name)
E145: =$AN$124 -> 21 | J145: =$AO$124 -> 22 | R145: f. Others (Specify)
AH146: Attested by:
AJ147: =SF2_Default!O11 -> Mrs. Lucile Ariette A. Bautista
C148: School Form 2 : Page 1 of 1 | AJ148: =SF2_Default!N11 -> School Principal

Sheet SF2_AUG
A2: School Form 2 (SF2) Daily Attendance Report of Learners
A3: (This replaces Form 1, Form 2 & STS Form 4 - Absenteeism and Dropout Profile)
G4: 1FBFCVJeD1oNUgr8CQcYAE59bhnLo5qru-QwdKVTqY24
C5: School ID | D5: =SF2_Default!G4 -> 406295 | K5: School Year | L5: =SF2_Default!Q6 -> 2026-2027 | R5: Report for the Month of | Y5: AUGUST
C7: Name of School | D7: =SF2_Default!G6 -> MANILA CATHEDRAL SCHOOL | U7: Grade Level | Y7: =SF2_Default!V6 -> Grade 8 | AA7: Section | AI7: =SF2_Default!Y6 -> St. Faustina Kowalska
C9: (Last Name, First Name Middle Name) | E9: AUGUST 2026 | AI9: Total for the Month | AK9: REMARKS (If DROPPED OUT, state reason, please refer to legend number 2. If TRANSFERRED IN/OUT, write the name of School.)
B10: ID NUMBER | C10: LEARNER'S NAME | K10: 3 | L10: 4 | M10: 5 | N10: 6 | O10: 7 | Q10: 10 | R10: 11 | S10: 12 | T10: 13 | U10: 14 | W10: 17 | X10: 18 | Y10: 19 | Z10: 20 | AC10: 24 | AD10: 25 | AE10: 26 | AF10: 27 | AG10: 28 | AI10: ABSENT | AJ10: TARDY
E11: M | F11: T | G11: W | H11: TH | I11: F | J11: S | K11: M | L11: T | M11: W | N11: TH | O11: F | P11: S | Q11: M | R11: T | S11: W | T11: TH | U11: F | V11: S | W11: M | X11: T | Y11: W | Z11: TH | AA11: F | AB11: S | AC11: M | AD11: T | AE11: W | AF11: TH | AG11: F
A12: 1 | B12: =SF2_Default!C12 -> 23-003330 | C12: =SF2_Default!D12 -> BONIFACIO LORD RANI KARL PAINAGA | AI12: =IF(ISTEXT(C12),COUNTIF(E12:AH12,"X"),"") -> 0 | AJ12: =IF(ISTEXT(C12),COUNTIF(E12:AH12,"T"),"") -> 0
A13: 2 | B13: =SF2_Default!C13 -> 25-001275 | C13: =SF2_Default!D13 -> BUCACAO JOHNREEVE KHARI ALFONSO | AI13: =IF(ISTEXT(C13),COUNTIF(E13:AH13,"X"),"") -> 0 | AJ13: =IF(ISTEXT(C13),COUNTIF(E13:AH13,"T"),"") -> 0
A14: 3 | B14: =SF2_Default!C14 -> 19-00091 | C14: =SF2_Default!D14 -> CANDELARIA JAYREN D | AI14: =IF(ISTEXT(C14),COUNTIF(E14:AH14,"X"),"") -> 0 | AJ14: =IF(ISTEXT(C14),COUNTIF(E14:AH14,"T"),"") -> 0
A15: 4 | B15: =SF2_Default!C15 -> 18-00355 | C15: =SF2_Default!D15 -> CAY ROJER JYUAN P | AI15: =IF(ISTEXT(C15),COUNTIF(E15:AH15,"X"),"") -> 0 | AJ15: =IF(ISTEXT(C15),COUNTIF(E15:AH15,"T"),"") -> 0
A16: 5 | B16: =SF2_Default!C16 -> 25-000460 | C16: =SF2_Default!D16 -> CEZAR JOHN MANUEL DE LEON | AI16: =IF(ISTEXT(C16),COUNTIF(E16:AH16,"X"),"") -> 0 | AJ16: =IF(ISTEXT(C16),COUNTIF(E16:AH16,"T"),"") -> 0
A17: 6 | B17: =SF2_Default!C17 -> 20-00075 | C17: =SF2_Default!D17 -> CONJE LEOBERT JOROS D | AI17: =IF(ISTEXT(C17),COUNTIF(E17:AH17,"X"),"") -> 0 | AJ17: =IF(ISTEXT(C17),COUNTIF(E17:AH17,"T"),"") -> 0
A18: 7 | B18: =SF2_Default!C18 -> 25-001588 | C18: =SF2_Default!D18 -> DE LEON MARCUS BRENT TITCO | AI18: =IF(ISTEXT(C18),COUNTIF(E18:AH18,"X"),"") -> 0 | AJ18: =IF(ISTEXT(C18),COUNTIF(E18:AH18,"T"),"") -> 0
A19: 8 | B19: =SF2_Default!C19 -> 19-00239 | C19: =SF2_Default!D19 -> DEL ROSARIO ROBIN DALE A | AI19: =IF(ISTEXT(C19),COUNTIF(E19:AH19,"X"),"") -> 0 | AJ19: =IF(ISTEXT(C19),COUNTIF(E19:AH19,"T"),"") -> 0
A20: 9 | B20: =SF2_Default!C20 -> 18-00100 | C20: =SF2_Default!D20 -> DIEGO DAN LEONARD Q | AI20: =IF(ISTEXT(C20),COUNTIF(E20:AH20,"X"),"") -> 0 | AJ20: =IF(ISTEXT(C20),COUNTIF(E20:AH20,"T"),"") -> 0
A21: 10 | B21: =SF2_Default!C21 -> 19-00097 | C21: =SF2_Default!D21 -> GAMBOA OLIVER FRANCOIS Z | AI21: =IF(ISTEXT(C21),COUNTIF(E21:AH21,"X"),"") -> 0 | AJ21: =IF(ISTEXT(C21),COUNTIF(E21:AH21,"T"),"") -> 0
A22: 11 | B22: =SF2_Default!C22 -> 25-000134 | C22: =SF2_Default!D22 -> GO KELLIN CHASE SAN PEDRO | AI22: =IF(ISTEXT(C22),COUNTIF(E22:AH22,"X"),"") -> 0 | AJ22: =IF(ISTEXT(C22),COUNTIF(E22:AH22,"T"),"") -> 0
A23: 12 | B23: =SF2_Default!C23 -> 25-000839 | C23: =SF2_Default!D23 -> MALINIS ANDREI JAMES PARAGATOS | AI23: =IF(ISTEXT(C23),COUNTIF(E23:AH23,"X"),"") -> 0 | AJ23: =IF(ISTEXT(C23),COUNTIF(E23:AH23,"T"),"") -> 0
... A61: 50 | B61: =SF2_Default!C61 -> 0 | C61: =SF2_Default!D61 -> 0 | AI61: =IF(ISTEXT(C61),COUNTIF(E61:AH61,"X"),"") | AJ61: =IF(ISTEXT(C61),COUNTIF(E61:AH61,"T"),"")
C62: =COUNTIF(C12:C61,"*") -> 21 | E62: =IF(ISNUMBER(E$10),COUNTIF(E12:E61,"X"),"") | F62: =IF(ISNUMBER(F$10),COUNTIF(F12:F61,"X"),"") | G62: =IF(ISNUMBER(G$10),COUNTIF(G12:G61,"X"),"") | H62: =IF(ISNUMBER(H$10),COUNTIF(H12:H61,"X"),"") | I62: =IF(ISNUMBER(I$10),COUNTIF(I12:I61,"X"),"") | J62: =IF(ISNUMBER(J$10),COUNTIF(J12:J61,"X"),"") | K62: =IF(ISNUMBER(K$10),COUNTIF(K12:K61,"X"),"") -> 0 | L62: =IF(ISNUMBER(L$10),COUNTIF(L12:L61,"X"),"") -> 0 | ... AH62: =IF(ISNUMBER(AH$10),COUNTIF(AH12:AH61,"X"),"") | AI62: =SUM(AI12:AI61) -> 0 | AJ62: =SUM(AJ12:AJ61) -> 0
A63: MALE | TOTAL Per Day >>> | E63: =IF(ISNUMBER(E$10),$C$62-E62,"") | F63: =IF(ISNUMBER(F$10),$C$62-F62,"") | G63: =IF(ISNUMBER(G$10),$C$62-G62,"") | H63: =IF(ISNUMBER(H$10),$C$62-H62,"") | I63: =IF(ISNUMBER(I$10),$C$62-I62,"") | J63: =IF(ISNUMBER(J$10),$C$62-J62,"") | K63: =IF(ISNUMBER(K$10),$C$62-K62,"") -> 21 | L63: =IF(ISNUMBER(L$10),$C$62-L62,"") -> 21 | ... AH63: =IF(ISNUMBER(AH$10),$C$62-AH62,"") | AI63: =SUM(E63:AH63) -> 399 | AJ63: <<< Total MALE present for the month
A64: 1 | B64: =SF2_Default!C63 -> 25-000800 | C64: =SF2_Default!D63 -> ANGELES ALLERIA JHANE TUBIANO | AI64: =IF(ISTEXT(C64),COUNTIF(E64:AH64,"X"),"") -> 0 | AJ64: =IF(ISTEXT(C64),COUNTIF(E64:AH64,"T"),"") -> 0
A65: 2 | B65: =SF2_Default!C64 -> 25-001230 | C65: =SF2_Default!D64 -> BELISARIO ELIJAH MIRIONETTE | AI65: =IF(ISTEXT(C65),COUNTIF(E65:AH65,"X"),"") -> 0 | AJ65: =IF(ISTEXT(C65),COUNTIF(E65:AH65,"T"),"") -> 0
A66: 3 | B66: =SF2_Default!C65 -> 18-003636 | C66: =SF2_Default!D65 -> BENEDICTO CASSANDRA VIELLE V | AI66: =IF(ISTEXT(C66),COUNTIF(E66:AH66,"X"),"") -> 0 | AJ66: =IF(ISTEXT(C66),COUNTIF(E66:AH66,"T"),"") -> 0
A67: 4 | B67: =SF2_Default!C66 -> 24-001215 | C67: =SF2_Default!D66 -> BONIFACIO MARY JOICE BONIFACIO | AI67: =IF(ISTEXT(C67),COUNTIF(E67:AH67,"X"),"") -> 0 | AJ67: =IF(ISTEXT(C67),COUNTIF(E67:AH67,"T"),"") -> 0
A68: 5 | B68: =SF2_Default!C67 -> 25-001589 | C68: =SF2_Default!D67 -> CABUSA KYRIE BLAIRE TENERIFE | AI68: =IF(ISTEXT(C68),COUNTIF(E68:AH68,"X"),"") -> 0 | AJ68: =IF(ISTEXT(C68),COUNTIF(E68:AH68,"T"),"") -> 0
A69: 6 | B69: =SF2_Default!C68 -> 22-000390 | C69: =SF2_Default!D68 -> DELA CRUZ BRINA MARCE GATUS | AI69: =IF(ISTEXT(C69),COUNTIF(E69:AH69,"X"),"") -> 0 | AJ69: =IF(ISTEXT(C69),COUNTIF(E69:AH69,"T"),"") -> 0
A70: 7 | B70: =SF2_Default!C69 -> 19-00080 | C70: =SF2_Default!D69 -> DELOS REYES KREEZHA CYLEE D | AI70: =IF(ISTEXT(C70),COUNTIF(E70:AH70,"X"),"") -> 0 | AJ70: =IF(ISTEXT(C70),COUNTIF(E70:AH70,"T"),"") -> 0
A71: 8 | B71: =SF2_Default!C70 -> 19-00075 | C71: =SF2_Default!D70 -> ESCOTO RICH ANNE MARY REYES | AI71: =IF(ISTEXT(C71),COUNTIF(E71:AH71,"X"),"") -> 0 | AJ71: =IF(ISTEXT(C71),COUNTIF(E71:AH71,"T"),"") -> 0
A72: 9 | B72: =SF2_Default!C71 -> 20-00037 | C72: =SF2_Default!D71 -> FORTUNO AZZURIE SOLAYMAN | AI72: =IF(ISTEXT(C72),COUNTIF(E72:AH72,"X"),"") -> 0 | AJ72: =IF(ISTEXT(C72),COUNTIF(E72:AH72,"T"),"") -> 0
A73: 10 | B73: =SF2_Default!C72 -> 25-000884 | C73: =SF2_Default!D72 -> FORTUNO JAYRA VALERIO | AI73: =IF(ISTEXT(C73),COUNTIF(E73:AH73,"X"),"") -> 0 | AJ73: =IF(ISTEXT(C73),COUNTIF(E73:AH73,"T"),"") -> 0
A74: 11 | B74: =SF2_Default!C73 -> 25-001164 | C74: =SF2_Default!D73 -> FUENTES BREEANA KLEIN ALMONIÑA | AI74: =IF(ISTEXT(C74),COUNTIF(E74:AH74,"X"),"") -> 0 | AJ74: =IF(ISTEXT(C74),COUNTIF(E74:AH74,"T"),"") -> 0
A75: 12 | B75: =SF2_Default!C74 -> 25-000191 | C75: =SF2_Default!D74 -> GABUTEN KEISZHA ANDREA ANTIOJO | AI75: =IF(ISTEXT(C75),COUNTIF(E75:AH75,"X"),"") -> 0 | AJ75: =IF(ISTEXT(C75),COUNTIF(E75:AH75,"T"),"") -> 0
... A113: 50 | B113: =SF2_Default!C112 -> 0 | C113: =SF2_Default!D112 -> 0 | AI113: =IF(ISTEXT(C113),COUNTIF(E113:AH113,"X"),"") | AJ113: =IF(ISTEXT(C113),COUNTIF(E113:AH113,"T"),"")
C114: =COUNTIF(C64:C113,"*") -> 22 | E114: =IF(ISNUMBER(E$10),COUNTIF(E64:E113,"X"),"") | F114: =IF(ISNUMBER(F$10),COUNTIF(F64:F113,"X"),"") | G114: =IF(ISNUMBER(G$10),COUNTIF(G64:G113,"X"),"") | H114: =IF(ISNUMBER(H$10),COUNTIF(H64:H113,"X"),"") | I114: =IF(ISNUMBER(I$10),COUNTIF(I64:I113,"X"),"") | J114: =IF(ISNUMBER(J$10),COUNTIF(J64:J113,"X"),"") | K114: =IF(ISNUMBER(K$10),COUNTIF(K64:K113,"X"),"") -> 0 | L114: =IF(ISNUMBER(L$10),COUNTIF(L64:L113,"X"),"") -> 0 | ... AH114: =IF(ISNUMBER(AH$10),COUNTIF(AH64:AH113,"X"),"") | AI114: =SUM(AI64:AI113) -> 0 | AJ114: =SUM(AJ64:AJ113) -> 0
A115: FEMALE | TOTAL Per Day >>> | E115: =IF(ISNUMBER(E$10),$C$114-E114,"") | F115: =IF(ISNUMBER(F$10),$C$114-F114,"") | G115: =IF(ISNUMBER(G$10),$C$114-G114,"") | H115: =IF(ISNUMBER(H$10),$C$114-H114,"") | I115: =IF(ISNUMBER(I$10),$C$114-I114,"") | J115: =IF(ISNUMBER(J$10),$C$114-J114,"") | K115: =IF(ISNUMBER(K$10),$C$114-K114,"") -> 22 | L115: =IF(ISNUMBER(L$10),$C$114-L114,"") -> 22 | ... AH115: =IF(ISNUMBER(AH$10),$C$114-AH114,"") | AI115: =SUM(E115:AH115) -> 418 | AJ115: <<< Total FEMALE present for the month
A116: Combined TOTAL PER DAY | E116: =IF(ISNUMBER(E$10),E63+E115,"") | F116: =IF(ISNUMBER(F$10),F63+F115,"") | G116: =IF(ISNUMBER(G$10),G63+G115,"") | H116: =IF(ISNUMBER(H$10),H63+H115,"") | I116: =IF(ISNUMBER(I$10),I63+I115,"") | J116: =IF(ISNUMBER(J$10),J63+J115,"") | K116: =IF(ISNUMBER(K$10),K63+K115,"") -> 43 | L116: =IF(ISNUMBER(L$10),L63+L115,"") -> 43 | ... AH116: =IF(ISNUMBER(AH$10),AH63+AH115,"") | AI116: =AI63+AI115 -> 817 | AJ116: <<< COMBINED total present for the month
C117: FOOTER
A118: GUIDELINES: | R118: 1. CODES FOR CHECKING ATTENDANCE | AH118: Month: | AK118: No. of Days of Classes: | AM118: =COUNTIF(E10:AH10,">0") -> 19 | AN118: Summary
A119: 1. The attendance shall be accomplished daily. Refer to the codes for checking learners' attendance. | R119: (blank) - Present; (X) - Absent; (T)- Tardy | AH119: =Y5 -> AUGUST | AN119: M | AO119: F | AP119: TOTAL
A120: 2. Dates shall be written in the columns after Learner's Name. | AH120: * Enrolment as of (1st Friday of June) | AN120: =SF2_Default!H11 -> 21 | AO120: =SF2_Default!J11 -> 22 | AP120: =SUM(AN120:AO120) -> 43
A121: 3. To compute the following: | R121: 2. REASONS/CAUSES FOR DROPPING OUT
A122: a. | C122: Percentage of Enrolment = | E122: Registered Learners as of end of the month | O122: x 100 | R122: a. Domestic-Related Factors | AH122: Late Enrollment during the month (beyond cut-off) | AN122: 0 | AO122: 0 | AP122: =SUM(AN122:AO122) -> 0
E123: Enrolment as of 1st Friday of the school year | R123: a.1. Had to take care of siblings
A124: b. | C124: Average Daily Attendance = | E124: Total Daily Attendance | R124: a.2. Early marriage/pregnancy | AH124: Registered Learners as of end of the month | AN124: =$C$62 -> 21 | AO124: =$C$114 -> 22 | AP124: =SUM(AN124:AO124) -> 43
E125: Number of School Days in reporting month | R125: a.3. Parents' attitude toward schooling
A126: c. | C126: Percentage of Attendance for the month = | E126: Average daily attendance | O126: x 100 | R126: a.4. Family problems | AH126: Percentage of Enrolment as of end of the month | AN126: =IF(ISNUMBER(AN120),AN124/AN120,"") -> 1 | AO126: =IF(ISNUMBER(AO120),AO124/AO120,"") -> 1 | AP126: =IF(AP120>0,AP124/AP120,"") -> 1
E127: Registered Learners as of end of the month | R127: b. Individual-Related Factors
R128: b.1. Illness | AH128: Average Daily Attendance | AN128: =ROUND($AI$63/$AM$118,2) -> 21 | AO128: =ROUND($AI$115/$AM$118,2) -> 22 | AP128: =ROUND(SUM(AN128:AO128),2) -> 43
A129: 4. Every end of the month, the class adviser will submit this form to the office of the principal for recording of summary table into School Form 4. Once signed by the principal, this form should be returned to the adviser. | R129: b.2. Overage
R130: b.3. Death | AH130: Percentage of Attendance for the month | AN130: =AN128/AN124 -> 1 | AO130: =AO128/AO124 -> 1 | AP130: =AVERAGE(AN130:AO131) -> 1
A131: 5. The adviser will provide neccessary interventions including but not limited to home visitation to learner/s who were absent for 5 consecutive days and/or those at risk of dropping out. | R131: b.4. Drug Abuse
R132: b.5. Poor academic performance | AH132: Number of students absent for 5 consecutive days | AN132: 0 | AO132: 0 | AP132: =SUM(AN132:AO132) -> 0
A133: 6. Attendance performance of learners will be reflected in Form 137 and Form 138 every grading period. | R133: b.6. Lack of interest/Distractions
A134: * | C134: Beginning of School Year cut-off report is every 1st Friday of the School Year | R134: b.7. Hunger/Malnutrition | AH134: Drop out | AN134: 0 | AO134: 0 | AP134: =SUM(AN134:AO134) -> 0
R135: c. School-Related Factors
C136: Computations: | R136: c.1. Teacher Factor | AH136: Transferred out | AN136: 0 | AO136: 0 | AP136: =SUM(AN136:AO136) -> 0
E137: MALE | J137: FEMALE | R137: c.2. Physical condition of classroom
C138: a. Percentage of Enrolment = | E138: =$AN$124 -> 21 | G138: x 100 | J138: =$AO$124 -> 22 | L138: x 100 | R138: c.3. Peer influence | AH138: Transferred in | AN138: 0 | AO138: 0 | AP138: =SUM(AN138:AO138) -> 0
E139: =$AN$120 -> 21 | J139: =$AO$120 -> 22 | R139: d. Geographic/Environmental
R140: d.1. Distance between home and school
C141: b. Average Daily Attendance = | E141: =$AI$63 -> 399 | J141: =$AI$115 -> 418 | R141: d.2. Armed conflict (incl. Tribal wars & clanfeuds) | AH141: I certify that this is a true and correct report.
E142: =$AM$118 -> 19 | J142: =$AM$118 -> 19 | R142: d.3. Calamities/Disasters
R143: e. Financial-Related | AJ143: =SF2_Default!O9 -> Mr. John Rey Tubello
C144: c. Percentage of Attendance for the month = | E144: =$AN$128 -> 21 | G144: x 100 | J144: =$AO$128 -> 22 | L144: x 100 | R144: e.1. Child labor, work | AJ144: (Signature of Class Adviser over Printed Name)
E145: =$AN$124 -> 21 | J145: =$AO$124 -> 22 | R145: f. Others (Specify)
AH146: Attested by:
AJ147: =SF2_Default!O11 -> Mrs. Lucile Ariette A. Bautista
C148: School Form 2 : Page 1 of 1 | AJ148: =SF2_Default!N11 -> School Principal

Sheet SF2_SEPT
A2: School Form 2 (SF2) Daily Attendance Report of Learners
A3: (This replaces Form 1, Form 2 & STS Form 4 - Absenteeism and Dropout Profile)
G4: 1FBFCVJeD1oNUgr8CQcYAE59bhnLo5qru-QwdKVTqY24
C5: School ID | D5: =SF2_Default!G4 -> 406295 | K5: School Year | L5: =SF2_Default!Q6 -> 2026-2027 | R5: Report for the Month of | Y5: SEPTEMBER
C7: Name of School | D7: =SF2_Default!G6 -> MANILA CATHEDRAL SCHOOL | U7: Grade Level | Y7: =SF2_Default!V6 -> Grade 8 | AA7: Section | AI7: =SF2_Default!Y6 -> St. Faustina Kowalska
C9: (Last Name, First Name Middle Name) | E9: SEPTEMBER 2026 | AI9: Total for the Month | AK9: REMARKS (If DROPPED OUT, state reason, please refer to legend number 2. If TRANSFERRED IN/OUT, write the name of School.)
B10: ID NUMBER | C10: LEARNER'S NAME | F10: 1 | G10: 2 | H10: 3 | I10: 4 | K10: 7 | L10: 8 | M10: 9 | N10: 10 | O10: 11 | Q10: 14 | R10: 15 | S10: 16 | T10: 17 | U10: 18 | W10: 21 | X10: 22 | Y10: 23 | Z10: 24 | AA10: 25 | AC10: 28 | AD10: 29 | AE10: 30 | AI10: ABSENT | AJ10: TARDY
E11: M | F11: T | G11: W | H11: TH | I11: F | J11: S | K11: M | L11: T | M11: W | N11: TH | O11: F | P11: S | Q11: M | R11: T | S11: W | T11: TH | U11: F | V11: S | W11: M | X11: T | Y11: W | Z11: TH | AA11: F | AB11: S | AC11: M | AD11: T | AE11: W | AF11: TH | AG11: F
A12: 1 | B12: =SF2_Default!C12 -> 23-003330 | C12: =SF2_Default!D12 -> BONIFACIO LORD RANI KARL PAINAGA | AI12: =IF(ISTEXT(C12),COUNTIF(E12:AH12,"X"),"") -> 0 | AJ12: =IF(ISTEXT(C12),COUNTIF(E12:AH12,"T"),"") -> 0
A13: 2 | B13: =SF2_Default!C13 -> 25-001275 | C13: =SF2_Default!D13 -> BUCACAO JOHNREEVE KHARI ALFONSO | AI13: =IF(ISTEXT(C13),COUNTIF(E13:AH13,"X"),"") -> 0 | AJ13: =IF(ISTEXT(C13),COUNTIF(E13:AH13,"T"),"") -> 0
A14: 3 | B14: =SF2_Default!C14 -> 19-00091 | C14: =SF2_Default!D14 -> CANDELARIA JAYREN D | AI14: =IF(ISTEXT(C14),COUNTIF(E14:AH14,"X"),"") -> 0 | AJ14: =IF(ISTEXT(C14),COUNTIF(E14:AH14,"T"),"") -> 0
A15: 4 | B15: =SF2_Default!C15 -> 18-00355 | C15: =SF2_Default!D15 -> CAY ROJER JYUAN P | AI15: =IF(ISTEXT(C15),COUNTIF(E15:AH15,"X"),"") -> 0 | AJ15: =IF(ISTEXT(C15),COUNTIF(E15:AH15,"T"),"") -> 0
A16: 5 | B16: =SF2_Default!C16 -> 25-000460 | C16: =SF2_Default!D16 -> CEZAR JOHN MANUEL DE LEON | AI16: =IF(ISTEXT(C16),COUNTIF(E16:AH16,"X"),"") -> 0 | AJ16: =IF(ISTEXT(C16),COUNTIF(E16:AH16,"T"),"") -> 0
A17: 6 | B17: =SF2_Default!C17 -> 20-00075 | C17: =SF2_Default!D17 -> CONJE LEOBERT JOROS D | AI17: =IF(ISTEXT(C17),COUNTIF(E17:AH17,"X"),"") -> 0 | AJ17: =IF(ISTEXT(C17),COUNTIF(E17:AH17,"T"),"") -> 0
A18: 7 | B18: =SF2_Default!C18 -> 25-001588 | C18: =SF2_Default!D18 -> DE LEON MARCUS BRENT TITCO | AI18: =IF(ISTEXT(C18),COUNTIF(E18:AH18,"X"),"") -> 0 | AJ18: =IF(ISTEXT(C18),COUNTIF(E18:AH18,"T"),"") -> 0
A19: 8 | B19: =SF2_Default!C19 -> 19-00239 | C19: =SF2_Default!D19 -> DEL ROSARIO ROBIN DALE A | AI19: =IF(ISTEXT(C19),COUNTIF(E19:AH19,"X"),"") -> 0 | AJ19: =IF(ISTEXT(C19),COUNTIF(E19:AH19,"T"),"") -> 0
A20: 9 | B20: =SF2_Default!C20 -> 18-00100 | C20: =SF2_Default!D20 -> DIEGO DAN LEONARD Q | AI20: =IF(ISTEXT(C20),COUNTIF(E20:AH20,"X"),"") -> 0 | AJ20: =IF(ISTEXT(C20),COUNTIF(E20:AH20,"T"),"") -> 0
A21: 10 | B21: =SF2_Default!C21 -> 19-00097 | C21: =SF2_Default!D21 -> GAMBOA OLIVER FRANCOIS Z | AI21: =IF(ISTEXT(C21),COUNTIF(E21:AH21,"X"),"") -> 0 | AJ21: =IF(ISTEXT(C21),COUNTIF(E21:AH21,"T"),"") -> 0
A22: 11 | B22: =SF2_Default!C22 -> 25-000134 | C22: =SF2_Default!D22 -> GO KELLIN CHASE SAN PEDRO | AI22: =IF(ISTEXT(C22),COUNTIF(E22:AH22,"X"),"") -> 0 | AJ22: =IF(ISTEXT(C22),COUNTIF(E22:AH22,"T"),"") -> 0
A23: 12 | B23: =SF2_Default!C23 -> 25-000839 | C23: =SF2_Default!D23 -> MALINIS ANDREI JAMES PARAGATOS | AI23: =IF(ISTEXT(C23),COUNTIF(E23:AH23,"X"),"") -> 0 | AJ23: =IF(ISTEXT(C23),COUNTIF(E23:AH23,"T"),"") -> 0
... A61: 50 | B61: =SF2_Default!C61 -> 0 | C61: =SF2_Default!D61 -> 0 | AI61: =IF(ISTEXT(C61),COUNTIF(E61:AH61,"X"),"") | AJ61: =IF(ISTEXT(C61),COUNTIF(E61:AH61,"T"),"")
C62: =COUNTIF(C12:C61,"*") -> 21 | E62: =IF(ISNUMBER(E$10),COUNTIF(E12:E61,"X"),"") | F62: =IF(ISNUMBER(F$10),COUNTIF(F12:F61,"X"),"") -> 0 | G62: =IF(ISNUMBER(G$10),COUNTIF(G12:G61,"X"),"") -> 0 | H62: =IF(ISNUMBER(H$10),COUNTIF(H12:H61,"X"),"") -> 0 | I62: =IF(ISNUMBER(I$10),COUNTIF(I12:I61,"X"),"") -> 0 | J62: =IF(ISNUMBER(J$10),COUNTIF(J12:J61,"X"),"") | K62: =IF(ISNUMBER(K$10),COUNTIF(K12:K61,"X"),"") -> 0 | L62: =IF(ISNUMBER(L$10),COUNTIF(L12:L61,"X"),"") -> 0 | ... AH62: =IF(ISNUMBER(AH$10),COUNTIF(AH12:AH61,"X"),"") | AI62: =SUM(AI12:AI61) -> 0 | AJ62: =SUM(AJ12:AJ61) -> 0
A63: MALE | TOTAL Per Day >>> | E63: =IF(ISNUMBER(E$10),$C$62-E62,"") | F63: =IF(ISNUMBER(F$10),$C$62-F62,"") -> 21 | G63: =IF(ISNUMBER(G$10),$C$62-G62,"") -> 21 | H63: =IF(ISNUMBER(H$10),$C$62-H62,"") -> 21 | I63: =IF(ISNUMBER(I$10),$C$62-I62,"") -> 21 | J63: =IF(ISNUMBER(J$10),$C$62-J62,"") | K63: =IF(ISNUMBER(K$10),$C$62-K62,"") -> 21 | L63: =IF(ISNUMBER(L$10),$C$62-L62,"") -> 21 | ... AH63: =IF(ISNUMBER(AH$10),$C$62-AH62,"") | AI63: =SUM(E63:AH63) -> 462 | AJ63: <<< Total MALE present for the month
A64: 1 | B64: =SF2_Default!C63 -> 25-000800 | C64: =SF2_Default!D63 -> ANGELES ALLERIA JHANE TUBIANO | AI64: =IF(ISTEXT(C64),COUNTIF(E64:AH64,"X"),"") -> 0 | AJ64: =IF(ISTEXT(C64),COUNTIF(E64:AH64,"T"),"") -> 0
A65: 2 | B65: =SF2_Default!C64 -> 25-001230 | C65: =SF2_Default!D64 -> BELISARIO ELIJAH MIRIONETTE | AI65: =IF(ISTEXT(C65),COUNTIF(E65:AH65,"X"),"") -> 0 | AJ65: =IF(ISTEXT(C65),COUNTIF(E65:AH65,"T"),"") -> 0
A66: 3 | B66: =SF2_Default!C65 -> 18-003636 | C66: =SF2_Default!D65 -> BENEDICTO CASSANDRA VIELLE V | AI66: =IF(ISTEXT(C66),COUNTIF(E66:AH66,"X"),"") -> 0 | AJ66: =IF(ISTEXT(C66),COUNTIF(E66:AH66,"T"),"") -> 0
A67: 4 | B67: =SF2_Default!C66 -> 24-001215 | C67: =SF2_Default!D66 -> BONIFACIO MARY JOICE BONIFACIO | AI67: =IF(ISTEXT(C67),COUNTIF(E67:AH67,"X"),"") -> 0 | AJ67: =IF(ISTEXT(C67),COUNTIF(E67:AH67,"T"),"") -> 0
A68: 5 | B68: =SF2_Default!C67 -> 25-001589 | C68: =SF2_Default!D67 -> CABUSA KYRIE BLAIRE TENERIFE | AI68: =IF(ISTEXT(C68),COUNTIF(E68:AH68,"X"),"") -> 0 | AJ68: =IF(ISTEXT(C68),COUNTIF(E68:AH68,"T"),"") -> 0
A69: 6 | B69: =SF2_Default!C68 -> 22-000390 | C69: =SF2_Default!D68 -> DELA CRUZ BRINA MARCE GATUS | AI69: =IF(ISTEXT(C69),COUNTIF(E69:AH69,"X"),"") -> 0 | AJ69: =IF(ISTEXT(C69),COUNTIF(E69:AH69,"T"),"") -> 0
A70: 7 | B70: =SF2_Default!C69 -> 19-00080 | C70: =SF2_Default!D69 -> DELOS REYES KREEZHA CYLEE D | AI70: =IF(ISTEXT(C70),COUNTIF(E70:AH70,"X"),"") -> 0 | AJ70: =IF(ISTEXT(C70),COUNTIF(E70:AH70,"T"),"") -> 0
A71: 8 | B71: =SF2_Default!C70 -> 19-00075 | C71: =SF2_Default!D70 -> ESCOTO RICH ANNE MARY REYES | AI71: =IF(ISTEXT(C71),COUNTIF(E71:AH71,"X"),"") -> 0 | AJ71: =IF(ISTEXT(C71),COUNTIF(E71:AH71,"T"),"") -> 0
A72: 9 | B72: =SF2_Default!C71 -> 20-00037 | C72: =SF2_Default!D71 -> FORTUNO AZZURIE SOLAYMAN | AI72: =IF(ISTEXT(C72),COUNTIF(E72:AH72,"X"),"") -> 0 | AJ72: =IF(ISTEXT(C72),COUNTIF(E72:AH72,"T"),"") -> 0
A73: 10 | B73: =SF2_Default!C72 -> 25-000884 | C73: =SF2_Default!D72 -> FORTUNO JAYRA VALERIO | AI73: =IF(ISTEXT(C73),COUNTIF(E73:AH73,"X"),"") -> 0 | AJ73: =IF(ISTEXT(C73),COUNTIF(E73:AH73,"T"),"") -> 0
A74: 11 | B74: =SF2_Default!C73 -> 25-001164 | C74: =SF2_Default!D73 -> FUENTES BREEANA KLEIN ALMONIÑA | AI74: =IF(ISTEXT(C74),COUNTIF(E74:AH74,"X"),"") -> 0 | AJ74: =IF(ISTEXT(C74),COUNTIF(E74:AH74,"T"),"") -> 0
A75: 12 | B75: =SF2_Default!C74 -> 25-000191 | C75: =SF2_Default!D74 -> GABUTEN KEISZHA ANDREA ANTIOJO | AI75: =IF(ISTEXT(C75),COUNTIF(E75:AH75,"X"),"") -> 0 | AJ75: =IF(ISTEXT(C75),COUNTIF(E75:AH75,"T"),"") -> 0
... A113: 50 | B113: =SF2_Default!C112 -> 0 | C113: =SF2_Default!D112 -> 0 | AI113: =IF(ISTEXT(C113),COUNTIF(E113:AH113,"X"),"") | AJ113: =IF(ISTEXT(C113),COUNTIF(E113:AH113,"T"),"")
C114: =COUNTIF(C64:C113,"*") -> 22 | E114: =IF(ISNUMBER(E$10),COUNTIF(E64:E113,"X"),"") | F114: =IF(ISNUMBER(F$10),COUNTIF(F64:F113,"X"),"") -> 0 | G114: =IF(ISNUMBER(G$10),COUNTIF(G64:G113,"X"),"") -> 0 | H114: =IF(ISNUMBER(H$10),COUNTIF(H64:H113,"X"),"") -> 0 | I114: =IF(ISNUMBER(I$10),COUNTIF(I64:I113,"X"),"") -> 0 | J114: =IF(ISNUMBER(J$10),COUNTIF(J64:J113,"X"),"") | K114: =IF(ISNUMBER(K$10),COUNTIF(K64:K113,"X"),"") -> 0 | L114: =IF(ISNUMBER(L$10),COUNTIF(L64:L113,"X"),"") -> 0 | ... AH114: =IF(ISNUMBER(AH$10),COUNTIF(AH64:AH113,"X"),"") | AI114: =SUM(AI64:AI113) -> 0 | AJ114: =SUM(AJ64:AJ113) -> 0
A115: FEMALE | TOTAL Per Day >>> | E115: =IF(ISNUMBER(E$10),$C$114-E114,"") | F115: =IF(ISNUMBER(F$10),$C$114-F114,"") -> 22 | G115: =IF(ISNUMBER(G$10),$C$114-G114,"") -> 22 | H115: =IF(ISNUMBER(H$10),$C$114-H114,"") -> 22 | I115: =IF(ISNUMBER(I$10),$C$114-I114,"") -> 22 | J115: =IF(ISNUMBER(J$10),$C$114-J114,"") | K115: =IF(ISNUMBER(K$10),$C$114-K114,"") -> 22 | L115: =IF(ISNUMBER(L$10),$C$114-L114,"") -> 22 | ... AH115: =IF(ISNUMBER(AH$10),$C$114-AH114,"") | AI115: =SUM(E115:AH115) -> 484 | AJ115: <<< Total FEMALE present for the month
A116: Combined TOTAL PER DAY | E116: =IF(ISNUMBER(E$10),E63+E115,"") | F116: =IF(ISNUMBER(F$10),F63+F115,"") -> 43 | G116: =IF(ISNUMBER(G$10),G63+G115,"") -> 43 | H116: =IF(ISNUMBER(H$10),H63+H115,"") -> 43 | I116: =IF(ISNUMBER(I$10),I63+I115,"") -> 43 | J116: =IF(ISNUMBER(J$10),J63+J115,"") | K116: =IF(ISNUMBER(K$10),K63+K115,"") -> 43 | L116: =IF(ISNUMBER(L$10),L63+L115,"") -> 43 | ... AH116: =IF(ISNUMBER(AH$10),AH63+AH115,"") | AI116: =AI63+AI115 -> 946 | AJ116: <<< COMBINED total present for the month
C117: FOOTER
A118: GUIDELINES: | R118: 1. CODES FOR CHECKING ATTENDANCE | AH118: Month: | AK118: No. of Days of Classes: | AM118: =COUNTIF(E10:AH10,">0") -> 22 | AN118: Summary
A119: 1. The attendance shall be accomplished daily. Refer to the codes for checking learners' attendance. | R119: (blank) - Present; (X) - Absent; (T)- Tardy | AH119: =Y5 -> SEPTEMBER | AN119: M | AO119: F | AP119: TOTAL
A120: 2. Dates shall be written in the columns after Learner's Name. | AH120: * Enrolment as of (1st Friday of June) | AN120: =SF2_Default!H11 -> 21 | AO120: =SF2_Default!J11 -> 22 | AP120: =SUM(AN120:AO120) -> 43
A121: 3. To compute the following: | R121: 2. REASONS/CAUSES FOR DROPPING OUT
A122: a. | C122: Percentage of Enrolment = | E122: Registered Learners as of end of the month | O122: x 100 | R122: a. Domestic-Related Factors | AH122: Late Enrollment during the month (beyond cut-off) | AN122: 0 | AO122: 0 | AP122: =SUM(AN122:AO122) -> 0
E123: Enrolment as of 1st Friday of the school year | R123: a.1. Had to take care of siblings
A124: b. | C124: Average Daily Attendance = | E124: Total Daily Attendance | R124: a.2. Early marriage/pregnancy | AH124: Registered Learners as of end of the month | AN124: =$C$62 -> 21 | AO124: =$C$114 -> 22 | AP124: =SUM(AN124:AO124) -> 43
E125: Number of School Days in reporting month | R125: a.3. Parents' attitude toward schooling
A126: c. | C126: Percentage of Attendance for the month = | E126: Average daily attendance | O126: x 100 | R126: a.4. Family problems | AH126: Percentage of Enrolment as of end of the month | AN126: =IF(ISNUMBER(AN120),AN124/AN120,"") -> 1 | AO126: =IF(ISNUMBER(AO120),AO124/AO120,"") -> 1 | AP126: =IF(AP120>0,AP124/AP120,"") -> 1
E127: Registered Learners as of end of the month | R127: b. Individual-Related Factors
R128: b.1. Illness | AH128: Average Daily Attendance | AN128: =ROUND($AI$63/$AM$118,2) -> 21 | AO128: =ROUND($AI$115/$AM$118,2) -> 22 | AP128: =ROUND(SUM(AN128:AO128),2) -> 43
A129: 4. Every end of the month, the class adviser will submit this form to the office of the principal for recording of summary table into School Form 4. Once signed by the principal, this form should be returned to the adviser. | R129: b.2. Overage
R130: b.3. Death | AH130: Percentage of Attendance for the month | AN130: =AN128/AN124 -> 1 | AO130: =AO128/AO124 -> 1 | AP130: =AVERAGE(AN130:AO131) -> 1
A131: 5. The adviser will provide neccessary interventions including but not limited to home visitation to learner/s who were absent for 5 consecutive days and/or those at risk of dropping out. | R131: b.4. Drug Abuse
R132: b.5. Poor academic performance | AH132: Number of students absent for 5 consecutive days | AN132: 0 | AO132: 0 | AP132: =SUM(AN132:AO132) -> 0
A133: 6. Attendance performance of learners will be reflected in Form 137 and Form 138 every grading period. | R133: b.6. Lack of interest/Distractions
A134: * | C134: Beginning of School Year cut-off report is every 1st Friday of the School Year | R134: b.7. Hunger/Malnutrition | AH134: Drop out | AN134: 0 | AO134: 0 | AP134: =SUM(AN134:AO134) -> 0
R135: c. School-Related Factors
C136: Computations: | R136: c.1. Teacher Factor | AH136: Transferred out | AN136: 0 | AO136: 0 | AP136: =SUM(AN136:AO136) -> 0
E137: MALE | J137: FEMALE | R137: c.2. Physical condition of classroom
C138: a. Percentage of Enrolment = | E138: =$AN$124 -> 21 | G138: x 100 | J138: =$AO$124 -> 22 | L138: x 100 | R138: c.3. Peer influence | AH138: Transferred in | AN138: 0 | AO138: 0 | AP138: =SUM(AN138:AO138) -> 0
E139: =$AN$120 -> 21 | J139: =$AO$120 -> 22 | R139: d. Geographic/Environmental
R140: d.1. Distance between home and school
C141: b. Average Daily Attendance = | E141: =$AI$63 -> 462 | J141: =$AI$115 -> 484 | R141: d.2. Armed conflict (incl. Tribal wars & clanfeuds) | AH141: I certify that this is a true and correct report.
E142: =$AM$118 -> 22 | J142: =$AM$118 -> 22 | R142: d.3. Calamities/Disasters
R143: e. Financial-Related | AJ143: =SF2_Default!O9 -> Mr. John Rey Tubello
C144: c. Percentage of Attendance for the month = | E144: =$AN$128 -> 21 | G144: x 100 | J144: =$AO$128 -> 22 | L144: x 100 | R144: e.1. Child labor, work | AJ144: (Signature of Class Adviser over Printed Name)
E145: =$AN$124 -> 21 | J145: =$AO$124 -> 22 | R145: f. Others (Specify)
AH146: Attested by:
AJ147: =SF2_Default!O11 -> Mrs. Lucile Ariette A. Bautista
C148: School Form 2 : Page 1 of 1 | AJ148: =SF2_Default!N11 -> School Principal

Sheet SF2_OCT
A2: School Form 2 (SF2) Daily Attendance Report of Learners
A3: (This replaces Form 1, Form 2 & STS Form 4 - Absenteeism and Dropout Profile)
G4: 1FBFCVJeD1oNUgr8CQcYAE59bhnLo5qru-QwdKVTqY24
C5: School ID | D5: =SF2_Default!G4 -> 406295 | K5: School Year | L5: =SF2_Default!Q6 -> 2026-2027 | R5: Report for the Month of | Y5: OCTOBER
C7: Name of School | D7: =SF2_Default!G6 -> MANILA CATHEDRAL SCHOOL | U7: Grade Level | Y7: =SF2_Default!V6 -> Grade 8 | AA7: Section | AI7: =SF2_Default!Y6 -> St. Faustina Kowalska
C9: (Last Name, First Name Middle Name) | E9: OCTOBER 2026 | AI9: Total for the Month | AK9: REMARKS (If DROPPED OUT, state reason, please refer to legend number 2. If TRANSFERRED IN/OUT, write the name of School.)
B10: ID NUMBER | C10: LEARNER'S NAME | H10: 1 | I10: 2 | K10: 5 | L10: 6 | M10: 7 | N10: 8 | O10: 9 | Q10: 12 | R10: 13 | S10: 14 | T10: 15 | U10: 16 | W10: 19 | X10: 20 | Y10: 21 | Z10: 22 | AA10: 23 | AC10: 26 | AD10: 27 | AE10: 28 | AF10: 29 | AG10: 30 | AI10: ABSENT | AJ10: TARDY
E11: M | F11: T | G11: W | H11: TH | I11: F | J11: S | K11: M | L11: T | M11: W | N11: TH | O11: F | P11: S | Q11: M | R11: T | S11: W | T11: TH | U11: F | V11: S | W11: M | X11: T | Y11: W | Z11: TH | AA11: F | AB11: S | AC11: M | AD11: T | AE11: W | AF11: TH | AG11: F
A12: 1 | B12: =SF2_Default!C12 -> 23-003330 | C12: =SF2_Default!D12 -> BONIFACIO LORD RANI KARL PAINAGA | AI12: =IF(ISTEXT(C12),COUNTIF(E12:AH12,"X"),"") -> 0 | AJ12: =IF(ISTEXT(C12),COUNTIF(E12:AH12,"T"),"") -> 0
A13: 2 | B13: =SF2_Default!C13 -> 25-001275 | C13: =SF2_Default!D13 -> BUCACAO JOHNREEVE KHARI ALFONSO | AI13: =IF(ISTEXT(C13),COUNTIF(E13:AH13,"X"),"") -> 0 | AJ13: =IF(ISTEXT(C13),COUNTIF(E13:AH13,"T"),"") -> 0
A14: 3 | B14: =SF2_Default!C14 -> 19-00091 | C14: =SF2_Default!D14 -> CANDELARIA JAYREN D | AI14: =IF(ISTEXT(C14),COUNTIF(E14:AH14,"X"),"") -> 0 | AJ14: =IF(ISTEXT(C14),COUNTIF(E14:AH14,"T"),"") -> 0
A15: 4 | B15: =SF2_Default!C15 -> 18-00355 | C15: =SF2_Default!D15 -> CAY ROJER JYUAN P | AI15: =IF(ISTEXT(C15),COUNTIF(E15:AH15,"X"),"") -> 0 | AJ15: =IF(ISTEXT(C15),COUNTIF(E15:AH15,"T"),"") -> 0
A16: 5 | B16: =SF2_Default!C16 -> 25-000460 | C16: =SF2_Default!D16 -> CEZAR JOHN MANUEL DE LEON | AI16: =IF(ISTEXT(C16),COUNTIF(E16:AH16,"X"),"") -> 0 | AJ16: =IF(ISTEXT(C16),COUNTIF(E16:AH16,"T"),"") -> 0
A17: 6 | B17: =SF2_Default!C17 -> 20-00075 | C17: =SF2_Default!D17 -> CONJE LEOBERT JOROS D | AI17: =IF(ISTEXT(C17),COUNTIF(E17:AH17,"X"),"") -> 0 | AJ17: =IF(ISTEXT(C17),COUNTIF(E17:AH17,"T"),"") -> 0
A18: 7 | B18: =SF2_Default!C18 -> 25-001588 | C18: =SF2_Default!D18 -> DE LEON MARCUS BRENT TITCO | AI18: =IF(ISTEXT(C18),COUNTIF(E18:AH18,"X"),"") -> 0 | AJ18: =IF(ISTEXT(C18),COUNTIF(E18:AH18,"T"),"") -> 0
A19: 8 | B19: =SF2_Default!C19 -> 19-00239 | C19: =SF2_Default!D19 -> DEL ROSARIO ROBIN DALE A | AI19: =IF(ISTEXT(C19),COUNTIF(E19:AH19,"X"),"") -> 0 | AJ19: =IF(ISTEXT(C19),COUNTIF(E19:AH19,"T"),"") -> 0
A20: 9 | B20: =SF2_Default!C20 -> 18-00100 | C20: =SF2_Default!D20 -> DIEGO DAN LEONARD Q | AI20: =IF(ISTEXT(C20),COUNTIF(E20:AH20,"X"),"") -> 0 | AJ20: =IF(ISTEXT(C20),COUNTIF(E20:AH20,"T"),"") -> 0
A21: 10 | B21: =SF2_Default!C21 -> 19-00097 | C21: =SF2_Default!D21 -> GAMBOA OLIVER FRANCOIS Z | AI21: =IF(ISTEXT(C21),COUNTIF(E21:AH21,"X"),"") -> 0 | AJ21: =IF(ISTEXT(C21),COUNTIF(E21:AH21,"T"),"") -> 0
A22: 11 | B22: =SF2_Default!C22 -> 25-000134 | C22: =SF2_Default!D22 -> GO KELLIN CHASE SAN PEDRO | AI22: =IF(ISTEXT(C22),COUNTIF(E22:AH22,"X"),"") -> 0 | AJ22: =IF(ISTEXT(C22),COUNTIF(E22:AH22,"T"),"") -> 0
A23: 12 | B23: =SF2_Default!C23 -> 25-000839 | C23: =SF2_Default!D23 -> MALINIS ANDREI JAMES PARAGATOS | AI23: =IF(ISTEXT(C23),COUNTIF(E23:AH23,"X"),"") -> 0 | AJ23: =IF(ISTEXT(C23),COUNTIF(E23:AH23,"T"),"") -> 0
... A61: 50 | B61: =SF2_Default!C61 -> 0 | C61: =SF2_Default!D61 -> 0 | AI61: =IF(ISTEXT(C61),COUNTIF(E61:AH61,"X"),"") | AJ61: =IF(ISTEXT(C61),COUNTIF(E61:AH61,"T"),"")
C62: =COUNTIF(C12:C61,"*") -> 21 | E62: =IF(ISNUMBER(E$10),COUNTIF(E12:E61,"X"),"") | F62: =IF(ISNUMBER(F$10),COUNTIF(F12:F61,"X"),"") | G62: =IF(ISNUMBER(G$10),COUNTIF(G12:G61,"X"),"") | H62: =IF(ISNUMBER(H$10),COUNTIF(H12:H61,"X"),"") -> 0 | I62: =IF(ISNUMBER(I$10),COUNTIF(I12:I61,"X"),"") -> 0 | J62: =IF(ISNUMBER(J$10),COUNTIF(J12:J61,"X"),"") | K62: =IF(ISNUMBER(K$10),COUNTIF(K12:K61,"X"),"") -> 0 | L62: =IF(ISNUMBER(L$10),COUNTIF(L12:L61,"X"),"") -> 0 | ... AH62: =IF(ISNUMBER(AH$10),COUNTIF(AH12:AH61,"X"),"") | AI62: =SUM(AI12:AI61) -> 0 | AJ62: =SUM(AJ12:AJ61) -> 0
A63: MALE | TOTAL Per Day >>> | E63: =IF(ISNUMBER(E$10),$C$62-E62,"") | F63: =IF(ISNUMBER(F$10),$C$62-F62,"") | G63: =IF(ISNUMBER(G$10),$C$62-G62,"") | H63: =IF(ISNUMBER(H$10),$C$62-H62,"") -> 21 | I63: =IF(ISNUMBER(I$10),$C$62-I62,"") -> 21 | J63: =IF(ISNUMBER(J$10),$C$62-J62,"") | K63: =IF(ISNUMBER(K$10),$C$62-K62,"") -> 21 | L63: =IF(ISNUMBER(L$10),$C$62-L62,"") -> 21 | ... AH63: =IF(ISNUMBER(AH$10),$C$62-AH62,"") | AI63: =SUM(E63:AH63) -> 462 | AJ63: <<< Total MALE present for the month
A64: 1 | B64: =SF2_Default!C63 -> 25-000800 | C64: =SF2_Default!D63 -> ANGELES ALLERIA JHANE TUBIANO | AI64: =IF(ISTEXT(C64),COUNTIF(E64:AH64,"X"),"") -> 0 | AJ64: =IF(ISTEXT(C64),COUNTIF(E64:AH64,"T"),"") -> 0
A65: 2 | B65: =SF2_Default!C64 -> 25-001230 | C65: =SF2_Default!D64 -> BELISARIO ELIJAH MIRIONETTE | AI65: =IF(ISTEXT(C65),COUNTIF(E65:AH65,"X"),"") -> 0 | AJ65: =IF(ISTEXT(C65),COUNTIF(E65:AH65,"T"),"") -> 0
A66: 3 | B66: =SF2_Default!C65 -> 18-003636 | C66: =SF2_Default!D65 -> BENEDICTO CASSANDRA VIELLE V | AI66: =IF(ISTEXT(C66),COUNTIF(E66:AH66,"X"),"") -> 0 | AJ66: =IF(ISTEXT(C66),COUNTIF(E66:AH66,"T"),"") -> 0
A67: 4 | B67: =SF2_Default!C66 -> 24-001215 | C67: =SF2_Default!D66 -> BONIFACIO MARY JOICE BONIFACIO | AI67: =IF(ISTEXT(C67),COUNTIF(E67:AH67,"X"),"") -> 0 | AJ67: =IF(ISTEXT(C67),COUNTIF(E67:AH67,"T"),"") -> 0
A68: 5 | B68: =SF2_Default!C67 -> 25-001589 | C68: =SF2_Default!D67 -> CABUSA KYRIE BLAIRE TENERIFE | AI68: =IF(ISTEXT(C68),COUNTIF(E68:AH68,"X"),"") -> 0 | AJ68: =IF(ISTEXT(C68),COUNTIF(E68:AH68,"T"),"") -> 0
A69: 6 | B69: =SF2_Default!C68 -> 22-000390 | C69: =SF2_Default!D68 -> DELA CRUZ BRINA MARCE GATUS | AI69: =IF(ISTEXT(C69),COUNTIF(E69:AH69,"X"),"") -> 0 | AJ69: =IF(ISTEXT(C69),COUNTIF(E69:AH69,"T"),"") -> 0
A70: 7 | B70: =SF2_Default!C69 -> 19-00080 | C70: =SF2_Default!D69 -> DELOS REYES KREEZHA CYLEE D | AI70: =IF(ISTEXT(C70),COUNTIF(E70:AH70,"X"),"") -> 0 | AJ70: =IF(ISTEXT(C70),COUNTIF(E70:AH70,"T"),"") -> 0
A71: 8 | B71: =SF2_Default!C70 -> 19-00075 | C71: =SF2_Default!D70 -> ESCOTO RICH ANNE MARY REYES | AI71: =IF(ISTEXT(C71),COUNTIF(E71:AH71,"X"),"") -> 0 | AJ71: =IF(ISTEXT(C71),COUNTIF(E71:AH71,"T"),"") -> 0
A72: 9 | B72: =SF2_Default!C71 -> 20-00037 | C72: =SF2_Default!D71 -> FORTUNO AZZURIE SOLAYMAN | AI72: =IF(ISTEXT(C72),COUNTIF(E72:AH72,"X"),"") -> 0 | AJ72: =IF(ISTEXT(C72),COUNTIF(E72:AH72,"T"),"") -> 0
A73: 10 | B73: =SF2_Default!C72 -> 25-000884 | C73: =SF2_Default!D72 -> FORTUNO JAYRA VALERIO | AI73: =IF(ISTEXT(C73),COUNTIF(E73:AH73,"X"),"") -> 0 | AJ73: =IF(ISTEXT(C73),COUNTIF(E73:AH73,"T"),"") -> 0
A74: 11 | B74: =SF2_Default!C73 -> 25-001164 | C74: =SF2_Default!D73 -> FUENTES BREEANA KLEIN ALMONIÑA | AI74: =IF(ISTEXT(C74),COUNTIF(E74:AH74,"X"),"") -> 0 | AJ74: =IF(ISTEXT(C74),COUNTIF(E74:AH74,"T"),"") -> 0
A75: 12 | B75: =SF2_Default!C74 -> 25-000191 | C75: =SF2_Default!D74 -> GABUTEN KEISZHA ANDREA ANTIOJO | AI75: =IF(ISTEXT(C75),COUNTIF(E75:AH75,"X"),"") -> 0 | AJ75: =IF(ISTEXT(C75),COUNTIF(E75:AH75,"T"),"") -> 0
... A113: 50 | B113: =SF2_Default!C112 -> 0 | C113: =SF2_Default!D112 -> 0 | AI113: =IF(ISTEXT(C113),COUNTIF(E113:AH113,"X"),"") | AJ113: =IF(ISTEXT(C113),COUNTIF(E113:AH113,"T"),"")
C114: =COUNTIF(C64:C113,"*") -> 22 | E114: =IF(ISNUMBER(E$10),COUNTIF(E64:E113,"X"),"") | F114: =IF(ISNUMBER(F$10),COUNTIF(F64:F113,"X"),"") | G114: =IF(ISNUMBER(G$10),COUNTIF(G64:G113,"X"),"") | H114: =IF(ISNUMBER(H$10),COUNTIF(H64:H113,"X"),"") -> 0 | I114: =IF(ISNUMBER(I$10),COUNTIF(I64:I113,"X"),"") -> 0 | J114: =IF(ISNUMBER(J$10),COUNTIF(J64:J113,"X"),"") | K114: =IF(ISNUMBER(K$10),COUNTIF(K64:K113,"X"),"") -> 0 | L114: =IF(ISNUMBER(L$10),COUNTIF(L64:L113,"X"),"") -> 0 | ... AH114: =IF(ISNUMBER(AH$10),COUNTIF(AH64:AH113,"X"),"") | AI114: =SUM(AI64:AI113) -> 0 | AJ114: =SUM(AJ64:AJ113) -> 0
A115: FEMALE | TOTAL Per Day >>> | E115: =IF(ISNUMBER(E$10),$C$114-E114,"") | F115: =IF(ISNUMBER(F$10),$C$114-F114,"") | G115: =IF(ISNUMBER(G$10),$C$114-G114,"") | H115: =IF(ISNUMBER(H$10),$C$114-H114,"") -> 22 | I115: =IF(ISNUMBER(I$10),$C$114-I114,"") -> 22 | J115: =IF(ISNUMBER(J$10),$C$114-J114,"") | K115: =IF(ISNUMBER(K$10),$C$114-K114,"") -> 22 | L115: =IF(ISNUMBER(L$10),$C$114-L114,"") -> 22 | ... AH115: =IF(ISNUMBER(AH$10),$C$114-AH114,"") | AI115: =SUM(E115:AH115) -> 484 | AJ115: <<< Total FEMALE present for the month
A116: Combined TOTAL PER DAY | E116: =IF(ISNUMBER(E$10),E63+E115,"") | F116: =IF(ISNUMBER(F$10),F63+F115,"") | G116: =IF(ISNUMBER(G$10),G63+G115,"") | H116: =IF(ISNUMBER(H$10),H63+H115,"") -> 43 | I116: =IF(ISNUMBER(I$10),I63+I115,"") -> 43 | J116: =IF(ISNUMBER(J$10),J63+J115,"") | K116: =IF(ISNUMBER(K$10),K63+K115,"") -> 43 | L116: =IF(ISNUMBER(L$10),L63+L115,"") -> 43 | ... AH116: =IF(ISNUMBER(AH$10),AH63+AH115,"") | AI116: =AI63+AI115 -> 946 | AJ116: <<< COMBINED total present for the month
C117: FOOTER
A118: GUIDELINES: | R118: 1. CODES FOR CHECKING ATTENDANCE | AH118: Month: | AK118: No. of Days of Classes: | AM118: =COUNTIF(E10:AH10,">0") -> 22 | AN118: Summary
A119: 1. The attendance shall be accomplished daily. Refer to the codes for checking learners' attendance. | R119: (blank) - Present; (X) - Absent; (T)- Tardy | AH119: =Y5 -> OCTOBER | AN119: M | AO119: F | AP119: TOTAL
A120: 2. Dates shall be written in the columns after Learner's Name. | AH120: * Enrolment as of (1st Friday of June) | AN120: =SF2_Default!H11 -> 21 | AO120: =SF2_Default!J11 -> 22 | AP120: =SUM(AN120:AO120) -> 43
A121: 3. To compute the following: | R121: 2. REASONS/CAUSES FOR DROPPING OUT
A122: a. | C122: Percentage of Enrolment = | E122: Registered Learners as of end of the month | O122: x 100 | R122: a. Domestic-Related Factors | AH122: Late Enrollment during the month (beyond cut-off) | AN122: 0 | AO122: 0 | AP122: =SUM(AN122:AO122) -> 0
E123: Enrolment as of 1st Friday of the school year | R123: a.1. Had to take care of siblings
A124: b. | C124: Average Daily Attendance = | E124: Total Daily Attendance | R124: a.2. Early marriage/pregnancy | AH124: Registered Learners as of end of the month | AN124: =$C$62 -> 21 | AO124: =$C$114 -> 22 | AP124: =SUM(AN124:AO124) -> 43
E125: Number of School Days in reporting month | R125: a.3. Parents' attitude toward schooling
A126: c. | C126: Percentage of Attendance for the month = | E126: Average daily attendance | O126: x 100 | R126: a.4. Family problems | AH126: Percentage of Enrolment as of end of the month | AN126: =IF(ISNUMBER(AN120),AN124/AN120,"") -> 1 | AO126: =IF(ISNUMBER(AO120),AO124/AO120,"") -> 1 | AP126: =IF(AP120>0,AP124/AP120,"") -> 1
E127: Registered Learners as of end of the month | R127: b. Individual-Related Factors
R128: b.1. Illness | AH128: Average Daily Attendance | AN128: =ROUND($AI$63/$AM$118,2) -> 21 | AO128: =ROUND($AI$115/$AM$118,2) -> 22 | AP128: =ROUND(SUM(AN128:AO128),2) -> 43
A129: 4. Every end of the month, the class adviser will submit this form to the office of the principal for recording of summary table into School Form 4. Once signed by the principal, this form should be returned to the adviser. | R129: b.2. Overage
R130: b.3. Death | AH130: Percentage of Attendance for the month | AN130: =AN128/AN124 -> 1 | AO130: =AO128/AO124 -> 1 | AP130: =AVERAGE(AN130:AO131) -> 1
A131: 5. The adviser will provide neccessary interventions including but not limited to home visitation to learner/s who were absent for 5 consecutive days and/or those at risk of dropping out. | R131: b.4. Drug Abuse
R132: b.5. Poor academic performance | AH132: Number of students absent for 5 consecutive days | AN132: 0 | AO132: 0 | AP132: =SUM(AN132:AO132) -> 0
A133: 6. Attendance performance of learners will be reflected in Form 137 and Form 138 every grading period. | R133: b.6. Lack of interest/Distractions
A134: * | C134: Beginning of School Year cut-off report is every 1st Friday of the School Year | R134: b.7. Hunger/Malnutrition | AH134: Drop out | AN134: 0 | AO134: 0 | AP134: =SUM(AN134:AO134) -> 0
R135: c. School-Related Factors
C136: Computations: | R136: c.1. Teacher Factor | AH136: Transferred out | AN136: 0 | AO136: 0 | AP136: =SUM(AN136:AO136) -> 0
E137: MALE | J137: FEMALE | R137: c.2. Physical condition of classroom
C138: a. Percentage of Enrolment = | E138: =$AN$124 -> 21 | G138: x 100 | J138: =$AO$124 -> 22 | L138: x 100 | R138: c.3. Peer influence | AH138: Transferred in | AN138: 0 | AO138: 0 | AP138: =SUM(AN138:AO138) -> 0
E139: =$AN$120 -> 21 | J139: =$AO$120 -> 22 | R139: d. Geographic/Environmental
R140: d.1. Distance between home and school
C141: b. Average Daily Attendance = | E141: =$AI$63 -> 462 | J141: =$AI$115 -> 484 | R141: d.2. Armed conflict (incl. Tribal wars & clanfeuds) | AH141: I certify that this is a true and correct report.
E142: =$AM$118 -> 22 | J142: =$AM$118 -> 22 | R142: d.3. Calamities/Disasters
R143: e. Financial-Related | AJ143: =SF2_Default!O9 -> Mr. John Rey Tubello
C144: c. Percentage of Attendance for the month = | E144: =$AN$128 -> 21 | G144: x 100 | J144: =$AO$128 -> 22 | L144: x 100 | R144: e.1. Child labor, work | AJ144: (Signature of Class Adviser over Printed Name)
E145: =$AN$124 -> 21 | J145: =$AO$124 -> 22 | R145: f. Others (Specify)
AH146: Attested by:
AJ147: =SF2_Default!O11 -> Mrs. Lucile Ariette A. Bautista
C148: School Form 2 : Page 1 of 1 | AJ148: =SF2_Default!N11 -> School Principal

Sheet SF2_NOV
A2: School Form 2 (SF2) Daily Attendance Report of Learners
A3: (This replaces Form 1, Form 2 & STS Form 4 - Absenteeism and Dropout Profile)
G4: 1FBFCVJeD1oNUgr8CQcYAE59bhnLo5qru-QwdKVTqY24
C5: School ID | D5: =SF2_Default!G4 -> 406295 | K5: School Year | L5: =SF2_Default!Q6 -> 2026-2027 | R5: Report for the Month of | Y5: NOVEMBER
C7: Name of School | D7: =SF2_Default!G6 -> MANILA CATHEDRAL SCHOOL | U7: Grade Level | Y7: =SF2_Default!V6 -> Grade 8 | AA7: Section | AI7: =SF2_Default!Y6 -> St. Faustina Kowalska
C9: (Last Name, First Name Middle Name) | E9: NOVEMBER 2026 | AI9: Total for the Month | AK9: REMARKS (If DROPPED OUT, state reason, please refer to legend number 2. If TRANSFERRED IN/OUT, write the name of School.)
B10: ID NUMBER | C10: LEARNER'S NAME | K10: 9 | L10: 10 | M10: 11 | N10: 12 | O10: 13 | P10: 14 | Q10: 16 | R10: 17 | S10: 18 | T10: 19 | U10: 20 | W10: 23 | X10: 24 | Y10: 25 | Z10: 26 | AA10: 27 | AI10: ABSENT | AJ10: TARDY
E11: M | F11: T | G11: W | H11: TH | I11: F | J11: S | K11: M | L11: T | M11: W | N11: TH | O11: F | P11: S | Q11: M | R11: T | S11: W | T11: TH | U11: F | V11: S | W11: M | X11: T | Y11: W | Z11: TH | AA11: F | AB11: S | AC11: M | AD11: T | AE11: W | AF11: TH | AG11: F
A12: 1 | B12: =SF2_Default!C12 -> 23-003330 | C12: =SF2_Default!D12 -> BONIFACIO LORD RANI KARL PAINAGA | AI12: =IF(ISTEXT(C12),COUNTIF(E12:AH12,"X"),"") -> 0 | AJ12: =IF(ISTEXT(C12),COUNTIF(E12:AH12,"T"),"") -> 0
A13: 2 | B13: =SF2_Default!C13 -> 25-001275 | C13: =SF2_Default!D13 -> BUCACAO JOHNREEVE KHARI ALFONSO | AI13: =IF(ISTEXT(C13),COUNTIF(E13:AH13,"X"),"") -> 0 | AJ13: =IF(ISTEXT(C13),COUNTIF(E13:AH13,"T"),"") -> 0
A14: 3 | B14: =SF2_Default!C14 -> 19-00091 | C14: =SF2_Default!D14 -> CANDELARIA JAYREN D | AI14: =IF(ISTEXT(C14),COUNTIF(E14:AH14,"X"),"") -> 0 | AJ14: =IF(ISTEXT(C14),COUNTIF(E14:AH14,"T"),"") -> 0
A15: 4 | B15: =SF2_Default!C15 -> 18-00355 | C15: =SF2_Default!D15 -> CAY ROJER JYUAN P | AI15: =IF(ISTEXT(C15),COUNTIF(E15:AH15,"X"),"") -> 0 | AJ15: =IF(ISTEXT(C15),COUNTIF(E15:AH15,"T"),"") -> 0
A16: 5 | B16: =SF2_Default!C16 -> 25-000460 | C16: =SF2_Default!D16 -> CEZAR JOHN MANUEL DE LEON | AI16: =IF(ISTEXT(C16),COUNTIF(E16:AH16,"X"),"") -> 0 | AJ16: =IF(ISTEXT(C16),COUNTIF(E16:AH16,"T"),"") -> 0
A17: 6 | B17: =SF2_Default!C17 -> 20-00075 | C17: =SF2_Default!D17 -> CONJE LEOBERT JOROS D | AI17: =IF(ISTEXT(C17),COUNTIF(E17:AH17,"X"),"") -> 0 | AJ17: =IF(ISTEXT(C17),COUNTIF(E17:AH17,"T"),"") -> 0
A18: 7 | B18: =SF2_Default!C18 -> 25-001588 | C18: =SF2_Default!D18 -> DE LEON MARCUS BRENT TITCO | AI18: =IF(ISTEXT(C18),COUNTIF(E18:AH18,"X"),"") -> 0 | AJ18: =IF(ISTEXT(C18),COUNTIF(E18:AH18,"T"),"") -> 0
A19: 8 | B19: =SF2_Default!C19 -> 19-00239 | C19: =SF2_Default!D19 -> DEL ROSARIO ROBIN DALE A | AI19: =IF(ISTEXT(C19),COUNTIF(E19:AH19,"X"),"") -> 0 | AJ19: =IF(ISTEXT(C19),COUNTIF(E19:AH19,"T"),"") -> 0
A20: 9 | B20: =SF2_Default!C20 -> 18-00100 | C20: =SF2_Default!D20 -> DIEGO DAN LEONARD Q | AI20: =IF(ISTEXT(C20),COUNTIF(E20:AH20,"X"),"") -> 0 | AJ20: =IF(ISTEXT(C20),COUNTIF(E20:AH20,"T"),"") -> 0
A21: 10 | B21: =SF2_Default!C21 -> 19-00097 | C21: =SF2_Default!D21 -> GAMBOA OLIVER FRANCOIS Z | AI21: =IF(ISTEXT(C21),COUNTIF(E21:AH21,"X"),"") -> 0 | AJ21: =IF(ISTEXT(C21),COUNTIF(E21:AH21,"T"),"") -> 0
A22: 11 | B22: =SF2_Default!C22 -> 25-000134 | C22: =SF2_Default!D22 -> GO KELLIN CHASE SAN PEDRO | AI22: =IF(ISTEXT(C22),COUNTIF(E22:AH22,"X"),"") -> 0 | AJ22: =IF(ISTEXT(C22),COUNTIF(E22:AH22,"T"),"") -> 0
A23: 12 | B23: =SF2_Default!C23 -> 25-000839 | C23: =SF2_Default!D23 -> MALINIS ANDREI JAMES PARAGATOS | AI23: =IF(ISTEXT(C23),COUNTIF(E23:AH23,"X"),"") -> 0 | AJ23: =IF(ISTEXT(C23),COUNTIF(E23:AH23,"T"),"") -> 0
... A61: 50 | B61: =SF2_Default!C61 -> 0 | C61: =SF2_Default!D61 -> 0 | AI61: =IF(ISTEXT(C61),COUNTIF(E61:AH61,"X"),"") | AJ61: =IF(ISTEXT(C61),COUNTIF(E61:AH61,"T"),"")
C62: =COUNTIF(C12:C61,"*") -> 21 | E62: =IF(ISNUMBER(E$10),COUNTIF(E12:E61,"X"),"") | F62: =IF(ISNUMBER(F$10),COUNTIF(F12:F61,"X"),"") | G62: =IF(ISNUMBER(G$10),COUNTIF(G12:G61,"X"),"") | H62: =IF(ISNUMBER(H$10),COUNTIF(H12:H61,"X"),"") | I62: =IF(ISNUMBER(I$10),COUNTIF(I12:I61,"X"),"") | J62: =IF(ISNUMBER(J$10),COUNTIF(J12:J61,"X"),"") | K62: =IF(ISNUMBER(K$10),COUNTIF(K12:K61,"X"),"") -> 0 | L62: =IF(ISNUMBER(L$10),COUNTIF(L12:L61,"X"),"") -> 0 | ... AH62: =IF(ISNUMBER(AH$10),COUNTIF(AH12:AH61,"X"),"") | AI62: =SUM(AI12:AI61) -> 0 | AJ62: =SUM(AJ12:AJ61) -> 0
A63: MALE | TOTAL Per Day >>> | E63: =IF(ISNUMBER(E$10),$C$62-E62,"") | F63: =IF(ISNUMBER(F$10),$C$62-F62,"") | G63: =IF(ISNUMBER(G$10),$C$62-G62,"") | H63: =IF(ISNUMBER(H$10),$C$62-H62,"") | I63: =IF(ISNUMBER(I$10),$C$62-I62,"") | J63: =IF(ISNUMBER(J$10),$C$62-J62,"") | K63: =IF(ISNUMBER(K$10),$C$62-K62,"") -> 21 | L63: =IF(ISNUMBER(L$10),$C$62-L62,"") -> 21 | ... AH63: =IF(ISNUMBER(AH$10),$C$62-AH62,"") | AI63: =SUM(E63:AH63) -> 336 | AJ63: <<< Total MALE present for the month
A64: 1 | B64: =SF2_Default!C63 -> 25-000800 | C64: =SF2_Default!D63 -> ANGELES ALLERIA JHANE TUBIANO | AI64: =IF(ISTEXT(C64),COUNTIF(E64:AH64,"X"),"") -> 0 | AJ64: =IF(ISTEXT(C64),COUNTIF(E64:AH64,"T"),"") -> 0
A65: 2 | B65: =SF2_Default!C64 -> 25-001230 | C65: =SF2_Default!D64 -> BELISARIO ELIJAH MIRIONETTE | AI65: =IF(ISTEXT(C65),COUNTIF(E65:AH65,"X"),"") -> 0 | AJ65: =IF(ISTEXT(C65),COUNTIF(E65:AH65,"T"),"") -> 0
A66: 3 | B66: =SF2_Default!C65 -> 18-003636 | C66: =SF2_Default!D65 -> BENEDICTO CASSANDRA VIELLE V | AI66: =IF(ISTEXT(C66),COUNTIF(E66:AH66,"X"),"") -> 0 | AJ66: =IF(ISTEXT(C66),COUNTIF(E66:AH66,"T"),"") -> 0
A67: 4 | B67: =SF2_Default!C66 -> 24-001215 | C67: =SF2_Default!D66 -> BONIFACIO MARY JOICE BONIFACIO | AI67: =IF(ISTEXT(C67),COUNTIF(E67:AH67,"X"),"") -> 0 | AJ67: =IF(ISTEXT(C67),COUNTIF(E67:AH67,"T"),"") -> 0
A68: 5 | B68: =SF2_Default!C67 -> 25-001589 | C68: =SF2_Default!D67 -> CABUSA KYRIE BLAIRE TENERIFE | AI68: =IF(ISTEXT(C68),COUNTIF(E68:AH68,"X"),"") -> 0 | AJ68: =IF(ISTEXT(C68),COUNTIF(E68:AH68,"T"),"") -> 0
A69: 6 | B69: =SF2_Default!C68 -> 22-000390 | C69: =SF2_Default!D68 -> DELA CRUZ BRINA MARCE GATUS | AI69: =IF(ISTEXT(C69),COUNTIF(E69:AH69,"X"),"") -> 0 | AJ69: =IF(ISTEXT(C69),COUNTIF(E69:AH69,"T"),"") -> 0
A70: 7 | B70: =SF2_Default!C69 -> 19-00080 | C70: =SF2_Default!D69 -> DELOS REYES KREEZHA CYLEE D | AI70: =IF(ISTEXT(C70),COUNTIF(E70:AH70,"X"),"") -> 0 | AJ70: =IF(ISTEXT(C70),COUNTIF(E70:AH70,"T"),"") -> 0
A71: 8 | B71: =SF2_Default!C70 -> 19-00075 | C71: =SF2_Default!D70 -> ESCOTO RICH ANNE MARY REYES | AI71: =IF(ISTEXT(C71),COUNTIF(E71:AH71,"X"),"") -> 0 | AJ71: =IF(ISTEXT(C71),COUNTIF(E71:AH71,"T"),"") -> 0
A72: 9 | B72: =SF2_Default!C71 -> 20-00037 | C72: =SF2_Default!D71 -> FORTUNO AZZURIE SOLAYMAN | AI72: =IF(ISTEXT(C72),COUNTIF(E72:AH72,"X"),"") -> 0 | AJ72: =IF(ISTEXT(C72),COUNTIF(E72:AH72,"T"),"") -> 0
A73: 10 | B73: =SF2_Default!C72 -> 25-000884 | C73: =SF2_Default!D72 -> FORTUNO JAYRA VALERIO | AI73: =IF(ISTEXT(C73),COUNTIF(E73:AH73,"X"),"") -> 0 | AJ73: =IF(ISTEXT(C73),COUNTIF(E73:AH73,"T"),"") -> 0
A74: 11 | B74: =SF2_Default!C73 -> 25-001164 | C74: =SF2_Default!D73 -> FUENTES BREEANA KLEIN ALMONIÑA | AI74: =IF(ISTEXT(C74),COUNTIF(E74:AH74,"X"),"") -> 0 | AJ74: =IF(ISTEXT(C74),COUNTIF(E74:AH74,"T"),"") -> 0
A75: 12 | B75: =SF2_Default!C74 -> 25-000191 | C75: =SF2_Default!D74 -> GABUTEN KEISZHA ANDREA ANTIOJO | AI75: =IF(ISTEXT(C75),COUNTIF(E75:AH75,"X"),"") -> 0 | AJ75: =IF(ISTEXT(C75),COUNTIF(E75:AH75,"T"),"") -> 0
... A113: 50 | B113: =SF2_Default!C112 -> 0 | C113: =SF2_Default!D112 -> 0 | AI113: =IF(ISTEXT(C113),COUNTIF(E113:AH113,"X"),"") | AJ113: =IF(ISTEXT(C113),COUNTIF(E113:AH113,"T"),"")
C114: =COUNTIF(C64:C113,"*") -> 22 | E114: =IF(ISNUMBER(E$10),COUNTIF(E64:E113,"X"),"") | F114: =IF(ISNUMBER(F$10),COUNTIF(F64:F113,"X"),"") | G114: =IF(ISNUMBER(G$10),COUNTIF(G64:G113,"X"),"") | H114: =IF(ISNUMBER(H$10),COUNTIF(H64:H113,"X"),"") | I114: =IF(ISNUMBER(I$10),COUNTIF(I64:I113,"X"),"") | J114: =IF(ISNUMBER(J$10),COUNTIF(J64:J113,"X"),"") | K114: =IF(ISNUMBER(K$10),COUNTIF(K64:K113,"X"),"") -> 0 | L114: =IF(ISNUMBER(L$10),COUNTIF(L64:L113,"X"),"") -> 0 | ... AH114: =IF(ISNUMBER(AH$10),COUNTIF(AH64:AH113,"X"),"") | AI114: =SUM(AI64:AI113) -> 0 | AJ114: =SUM(AJ64:AJ113) -> 0
A115: FEMALE | TOTAL Per Day >>> | E115: =IF(ISNUMBER(E$10),$C$114-E114,"") | F115: =IF(ISNUMBER(F$10),$C$114-F114,"") | G115: =IF(ISNUMBER(G$10),$C$114-G114,"") | H115: =IF(ISNUMBER(H$10),$C$114-H114,"") | I115: =IF(ISNUMBER(I$10),$C$114-I114,"") | J115: =IF(ISNUMBER(J$10),$C$114-J114,"") | K115: =IF(ISNUMBER(K$10),$C$114-K114,"") -> 22 | L115: =IF(ISNUMBER(L$10),$C$114-L114,"") -> 22 | ... AH115: =IF(ISNUMBER(AH$10),$C$114-AH114,"") | AI115: =SUM(E115:AH115) -> 352 | AJ115: <<< Total FEMALE present for the month
A116: Combined TOTAL PER DAY | E116: =IF(ISNUMBER(E$10),E63+E115,"") | F116: =IF(ISNUMBER(F$10),F63+F115,"") | G116: =IF(ISNUMBER(G$10),G63+G115,"") | H116: =IF(ISNUMBER(H$10),H63+H115,"") | I116: =IF(ISNUMBER(I$10),I63+I115,"") | J116: =IF(ISNUMBER(J$10),J63+J115,"") | K116: =IF(ISNUMBER(K$10),K63+K115,"") -> 43 | L116: =IF(ISNUMBER(L$10),L63+L115,"") -> 43 | ... AH116: =IF(ISNUMBER(AH$10),AH63+AH115,"") | AI116: =AI63+AI115 -> 688 | AJ116: <<< COMBINED total present for the month
C117: FOOTER
A118: GUIDELINES: | R118: 1. CODES FOR CHECKING ATTENDANCE | AH118: Month: | AK118: No. of Days of Classes: | AM118: =COUNTIF(E10:AH10,">0") -> 16 | AN118: Summary
A119: 1. The attendance shall be accomplished daily. Refer to the codes for checking learners' attendance. | R119: (blank) - Present; (X) - Absent; (T)- Tardy | AH119: =Y5 -> NOVEMBER | AN119: M | AO119: F | AP119: TOTAL
A120: 2. Dates shall be written in the columns after Learner's Name. | AH120: * Enrolment as of (1st Friday of June) | AN120: =SF2_Default!H11 -> 21 | AO120: =SF2_Default!J11 -> 22 | AP120: =SUM(AN120:AO120) -> 43
A121: 3. To compute the following: | R121: 2. REASONS/CAUSES FOR DROPPING OUT
A122: a. | C122: Percentage of Enrolment = | E122: Registered Learners as of end of the month | O122: x 100 | R122: a. Domestic-Related Factors | AH122: Late Enrollment during the month (beyond cut-off) | AN122: 0 | AO122: 0 | AP122: =SUM(AN122:AO122) -> 0
E123: Enrolment as of 1st Friday of the school year | R123: a.1. Had to take care of siblings
A124: b. | C124: Average Daily Attendance = | E124: Total Daily Attendance | R124: a.2. Early marriage/pregnancy | AH124: Registered Learners as of end of the month | AN124: =$C$62 -> 21 | AO124: =$C$114 -> 22 | AP124: =SUM(AN124:AO124) -> 43
E125: Number of School Days in reporting month | R125: a.3. Parents' attitude toward schooling
A126: c. | C126: Percentage of Attendance for the month = | E126: Average daily attendance | O126: x 100 | R126: a.4. Family problems | AH126: Percentage of Enrolment as of end of the month | AN126: =IF(ISNUMBER(AN120),AN124/AN120,"") -> 1 | AO126: =IF(ISNUMBER(AO120),AO124/AO120,"") -> 1 | AP126: =IF(AP120>0,AP124/AP120,"") -> 1
E127: Registered Learners as of end of the month | R127: b. Individual-Related Factors
R128: b.1. Illness | AH128: Average Daily Attendance | AN128: =ROUND($AI$63/$AM$118,2) -> 21 | AO128: =ROUND($AI$115/$AM$118,2) -> 22 | AP128: =ROUND(SUM(AN128:AO128),2) -> 43
A129: 4. Every end of the month, the class adviser will submit this form to the office of the principal for recording of summary table into School Form 4. Once signed by the principal, this form should be returned to the adviser. | R129: b.2. Overage
R130: b.3. Death | AH130: Percentage of Attendance for the month | AN130: =AN128/AN124 -> 1 | AO130: =AO128/AO124 -> 1 | AP130: =AVERAGE(AN130:AO131) -> 1
A131: 5. The adviser will provide neccessary interventions including but not limited to home visitation to learner/s who were absent for 5 consecutive days and/or those at risk of dropping out. | R131: b.4. Drug Abuse
R132: b.5. Poor academic performance | AH132: Number of students absent for 5 consecutive days | AN132: 0 | AO132: 0 | AP132: =SUM(AN132:AO132) -> 0
A133: 6. Attendance performance of learners will be reflected in Form 137 and Form 138 every grading period. | R133: b.6. Lack of interest/Distractions
A134: * | C134: Beginning of School Year cut-off report is every 1st Friday of the School Year | R134: b.7. Hunger/Malnutrition | AH134: Drop out | AN134: 0 | AO134: 0 | AP134: =SUM(AN134:AO134) -> 0
R135: c. School-Related Factors
C136: Computations: | R136: c.1. Teacher Factor | AH136: Transferred out | AN136: 0 | AO136: 0 | AP136: =SUM(AN136:AO136) -> 0
E137: MALE | J137: FEMALE | R137: c.2. Physical condition of classroom
C138: a. Percentage of Enrolment = | E138: =$AN$124 -> 21 | G138: x 100 | J138: =$AO$124 -> 22 | L138: x 100 | R138: c.3. Peer influence | AH138: Transferred in | AN138: 0 | AO138: 0 | AP138: =SUM(AN138:AO138) -> 0
E139: =$AN$120 -> 21 | J139: =$AO$120 -> 22 | R139: d. Geographic/Environmental
R140: d.1. Distance between home and school
C141: b. Average Daily Attendance = | E141: =$AI$63 -> 336 | J141: =$AI$115 -> 352 | R141: d.2. Armed conflict (incl. Tribal wars & clanfeuds) | AH141: I certify that this is a true and correct report.
E142: =$AM$118 -> 16 | J142: =$AM$118 -> 16 | R142: d.3. Calamities/Disasters
R143: e. Financial-Related | AJ143: =SF2_Default!O9 -> Mr. John Rey Tubello
C144: c. Percentage of Attendance for the month = | E144: =$AN$128 -> 21 | G144: x 100 | J144: =$AO$128 -> 22 | L144: x 100 | R144: e.1. Child labor, work | AJ144: (Signature of Class Adviser over Printed Name)
E145: =$AN$124 -> 21 | J145: =$AO$124 -> 22 | R145: f. Others (Specify)
AH146: Attested by:
AJ147: =SF2_Default!O11 -> Mrs. Lucile Ariette A. Bautista
C148: School Form 2 : Page 1 of 1 | AJ148: =SF2_Default!N11 -> School Principal

Sheet SF2_DEC
A2: School Form 2 (SF2) Daily Attendance Report of Learners
A3: (This replaces Form 1, Form 2 & STS Form 4 - Absenteeism and Dropout Profile)
G4: 1FBFCVJeD1oNUgr8CQcYAE59bhnLo5qru-QwdKVTqY24
C5: School ID | D5: =SF2_Default!G4 -> 406295 | K5: School Year | L5: =SF2_Default!Q6 -> 2026-2027 | R5: Report for the Month of | Y5: DECEMBER
C7: Name of School | D7: =SF2_Default!G6 -> MANILA CATHEDRAL SCHOOL | U7: Grade Level | Y7: =SF2_Default!V6 -> Grade 8 | AA7: Section | AI7: =SF2_Default!Y6 -> St. Faustina Kowalska
C9: (Last Name, First Name Middle Name) | E9: DECEMBER 2026 | AI9: Total for the Month | AK9: REMARKS (If DROPPED OUT, state reason, please refer to legend number 2. If TRANSFERRED IN/OUT, write the name of School.)
B10: ID NUMBER | C10: LEARNER'S NAME | F10: 1 | G10: 2 | H10: 3 | I10: 4 | K10: 7 | M10: 9 | N10: 10 | O10: 11 | P10: 12 | Q10: 14 | R10: 15 | S10: 16 | AI10: ABSENT | AJ10: TARDY
E11: M | F11: T | G11: W | H11: TH | I11: F | J11: S | K11: M | L11: T | M11: W | N11: TH | O11: F | P11: S | Q11: M | R11: T | S11: W | T11: TH | U11: F | V11: S | W11: M | X11: T | Y11: W | Z11: TH | AA11: F | AB11: S | AC11: M | AD11: T | AE11: W | AF11: TH | AG11: F
A12: 1 | B12: =SF2_Default!C12 -> 23-003330 | C12: =SF2_Default!D12 -> BONIFACIO LORD RANI KARL PAINAGA | AI12: =IF(ISTEXT(C12),COUNTIF(E12:AH12,"X"),"") -> 0 | AJ12: =IF(ISTEXT(C12),COUNTIF(E12:AH12,"T"),"") -> 0
A13: 2 | B13: =SF2_Default!C13 -> 25-001275 | C13: =SF2_Default!D13 -> BUCACAO JOHNREEVE KHARI ALFONSO | AI13: =IF(ISTEXT(C13),COUNTIF(E13:AH13,"X"),"") -> 0 | AJ13: =IF(ISTEXT(C13),COUNTIF(E13:AH13,"T"),"") -> 0
A14: 3 | B14: =SF2_Default!C14 -> 19-00091 | C14: =SF2_Default!D14 -> CANDELARIA JAYREN D | AI14: =IF(ISTEXT(C14),COUNTIF(E14:AH14,"X"),"") -> 0 | AJ14: =IF(ISTEXT(C14),COUNTIF(E14:AH14,"T"),"") -> 0
A15: 4 | B15: =SF2_Default!C15 -> 18-00355 | C15: =SF2_Default!D15 -> CAY ROJER JYUAN P | AI15: =IF(ISTEXT(C15),COUNTIF(E15:AH15,"X"),"") -> 0 | AJ15: =IF(ISTEXT(C15),COUNTIF(E15:AH15,"T"),"") -> 0
A16: 5 | B16: =SF2_Default!C16 -> 25-000460 | C16: =SF2_Default!D16 -> CEZAR JOHN MANUEL DE LEON | AI16: =IF(ISTEXT(C16),COUNTIF(E16:AH16,"X"),"") -> 0 | AJ16: =IF(ISTEXT(C16),COUNTIF(E16:AH16,"T"),"") -> 0
A17: 6 | B17: =SF2_Default!C17 -> 20-00075 | C17: =SF2_Default!D17 -> CONJE LEOBERT JOROS D | AI17: =IF(ISTEXT(C17),COUNTIF(E17:AH17,"X"),"") -> 0 | AJ17: =IF(ISTEXT(C17),COUNTIF(E17:AH17,"T"),"") -> 0
A18: 7 | B18: =SF2_Default!C18 -> 25-001588 | C18: =SF2_Default!D18 -> DE LEON MARCUS BRENT TITCO | AI18: =IF(ISTEXT(C18),COUNTIF(E18:AH18,"X"),"") -> 0 | AJ18: =IF(ISTEXT(C18),COUNTIF(E18:AH18,"T"),"") -> 0
A19: 8 | B19: =SF2_Default!C19 -> 19-00239 | C19: =SF2_Default!D19 -> DEL ROSARIO ROBIN DALE A | AI19: =IF(ISTEXT(C19),COUNTIF(E19:AH19,"X"),"") -> 0 | AJ19: =IF(ISTEXT(C19),COUNTIF(E19:AH19,"T"),"") -> 0
A20: 9 | B20: =SF2_Default!C20 -> 18-00100 | C20: =SF2_Default!D20 -> DIEGO DAN LEONARD Q | AI20: =IF(ISTEXT(C20),COUNTIF(E20:AH20,"X"),"") -> 0 | AJ20: =IF(ISTEXT(C20),COUNTIF(E20:AH20,"T"),"") -> 0
A21: 10 | B21: =SF2_Default!C21 -> 19-00097 | C21: =SF2_Default!D21 -> GAMBOA OLIVER FRANCOIS Z | AI21: =IF(ISTEXT(C21),COUNTIF(E21:AH21,"X"),"") -> 0 | AJ21: =IF(ISTEXT(C21),COUNTIF(E21:AH21,"T"),"") -> 0
A22: 11 | B22: =SF2_Default!C22 -> 25-000134 | C22: =SF2_Default!D22 -> GO KELLIN CHASE SAN PEDRO | AI22: =IF(ISTEXT(C22),COUNTIF(E22:AH22,"X"),"") -> 0 | AJ22: =IF(ISTEXT(C22),COUNTIF(E22:AH22,"T"),"") -> 0
A23: 12 | B23: =SF2_Default!C23 -> 25-000839 | C23: =SF2_Default!D23 -> MALINIS ANDREI JAMES PARAGATOS | AI23: =IF(ISTEXT(C23),COUNTIF(E23:AH23,"X"),"") -> 0 | AJ23: =IF(ISTEXT(C23),COUNTIF(E23:AH23,"T"),"") -> 0
... A61: 50 | B61: =SF2_Default!C61 -> 0 | C61: =SF2_Default!D61 -> 0 | AI61: =IF(ISTEXT(C61),COUNTIF(E61:AH61,"X"),"") | AJ61: =IF(ISTEXT(C61),COUNTIF(E61:AH61,"T"),"")
C62: =COUNTIF(C12:C61,"*") -> 21 | E62: =IF(ISNUMBER(E$10),COUNTIF(E12:E61,"X"),"") | F62: =IF(ISNUMBER(F$10),COUNTIF(F12:F61,"X"),"") -> 0 | G62: =IF(ISNUMBER(G$10),COUNTIF(G12:G61,"X"),"") -> 0 | H62: =IF(ISNUMBER(H$10),COUNTIF(H12:H61,"X"),"") -> 0 | I62: =IF(ISNUMBER(I$10),COUNTIF(I12:I61,"X"),"") -> 0 | J62: =IF(ISNUMBER(J$10),COUNTIF(J12:J61,"X"),"") | K62: =IF(ISNUMBER(K$10),COUNTIF(K12:K61,"X"),"") -> 0 | L62: =IF(ISNUMBER(L$10),COUNTIF(L12:L61,"X"),"") | ... AH62: =IF(ISNUMBER(AH$10),COUNTIF(AH12:AH61,"X"),"") | AI62: =SUM(AI12:AI61) -> 0 | AJ62: =SUM(AJ12:AJ61) -> 0
A63: MALE | TOTAL Per Day >>> | E63: =IF(ISNUMBER(E$10),$C$62-E62,"") | F63: =IF(ISNUMBER(F$10),$C$62-F62,"") -> 21 | G63: =IF(ISNUMBER(G$10),$C$62-G62,"") -> 21 | H63: =IF(ISNUMBER(H$10),$C$62-H62,"") -> 21 | I63: =IF(ISNUMBER(I$10),$C$62-I62,"") -> 21 | J63: =IF(ISNUMBER(J$10),$C$62-J62,"") | K63: =IF(ISNUMBER(K$10),$C$62-K62,"") -> 21 | L63: =IF(ISNUMBER(L$10),$C$62-L62,"") | ... AH63: =IF(ISNUMBER(AH$10),$C$62-AH62,"") | AI63: =SUM(E63:AH63) -> 252 | AJ63: <<< Total MALE present for the month
A64: 1 | B64: =SF2_Default!C63 -> 25-000800 | C64: =SF2_Default!D63 -> ANGELES ALLERIA JHANE TUBIANO | AI64: =IF(ISTEXT(C64),COUNTIF(E64:AH64,"X"),"") -> 0 | AJ64: =IF(ISTEXT(C64),COUNTIF(E64:AH64,"T"),"") -> 0
A65: 2 | B65: =SF2_Default!C64 -> 25-001230 | C65: =SF2_Default!D64 -> BELISARIO ELIJAH MIRIONETTE | AI65: =IF(ISTEXT(C65),COUNTIF(E65:AH65,"X"),"") -> 0 | AJ65: =IF(ISTEXT(C65),COUNTIF(E65:AH65,"T"),"") -> 0
A66: 3 | B66: =SF2_Default!C65 -> 18-003636 | C66: =SF2_Default!D65 -> BENEDICTO CASSANDRA VIELLE V | AI66: =IF(ISTEXT(C66),COUNTIF(E66:AH66,"X"),"") -> 0 | AJ66: =IF(ISTEXT(C66),COUNTIF(E66:AH66,"T"),"") -> 0
A67: 4 | B67: =SF2_Default!C66 -> 24-001215 | C67: =SF2_Default!D66 -> BONIFACIO MARY JOICE BONIFACIO | AI67: =IF(ISTEXT(C67),COUNTIF(E67:AH67,"X"),"") -> 0 | AJ67: =IF(ISTEXT(C67),COUNTIF(E67:AH67,"T"),"") -> 0
A68: 5 | B68: =SF2_Default!C67 -> 25-001589 | C68: =SF2_Default!D67 -> CABUSA KYRIE BLAIRE TENERIFE | AI68: =IF(ISTEXT(C68),COUNTIF(E68:AH68,"X"),"") -> 0 | AJ68: =IF(ISTEXT(C68),COUNTIF(E68:AH68,"T"),"") -> 0
A69: 6 | B69: =SF2_Default!C68 -> 22-000390 | C69: =SF2_Default!D68 -> DELA CRUZ BRINA MARCE GATUS | AI69: =IF(ISTEXT(C69),COUNTIF(E69:AH69,"X"),"") -> 0 | AJ69: =IF(ISTEXT(C69),COUNTIF(E69:AH69,"T"),"") -> 0
A70: 7 | B70: =SF2_Default!C69 -> 19-00080 | C70: =SF2_Default!D69 -> DELOS REYES KREEZHA CYLEE D | AI70: =IF(ISTEXT(C70),COUNTIF(E70:AH70,"X"),"") -> 0 | AJ70: =IF(ISTEXT(C70),COUNTIF(E70:AH70,"T"),"") -> 0
A71: 8 | B71: =SF2_Default!C70 -> 19-00075 | C71: =SF2_Default!D70 -> ESCOTO RICH ANNE MARY REYES | AI71: =IF(ISTEXT(C71),COUNTIF(E71:AH71,"X"),"") -> 0 | AJ71: =IF(ISTEXT(C71),COUNTIF(E71:AH71,"T"),"") -> 0
A72: 9 | B72: =SF2_Default!C71 -> 20-00037 | C72: =SF2_Default!D71 -> FORTUNO AZZURIE SOLAYMAN | AI72: =IF(ISTEXT(C72),COUNTIF(E72:AH72,"X"),"") -> 0 | AJ72: =IF(ISTEXT(C72),COUNTIF(E72:AH72,"T"),"") -> 0
A73: 10 | B73: =SF2_Default!C72 -> 25-000884 | C73: =SF2_Default!D72 -> FORTUNO JAYRA VALERIO | AI73: =IF(ISTEXT(C73),COUNTIF(E73:AH73,"X"),"") -> 0 | AJ73: =IF(ISTEXT(C73),COUNTIF(E73:AH73,"T"),"") -> 0
A74: 11 | B74: =SF2_Default!C73 -> 25-001164 | C74: =SF2_Default!D73 -> FUENTES BREEANA KLEIN ALMONIÑA | AI74: =IF(ISTEXT(C74),COUNTIF(E74:AH74,"X"),"") -> 0 | AJ74: =IF(ISTEXT(C74),COUNTIF(E74:AH74,"T"),"") -> 0
A75: 12 | B75: =SF2_Default!C74 -> 25-000191 | C75: =SF2_Default!D74 -> GABUTEN KEISZHA ANDREA ANTIOJO | AI75: =IF(ISTEXT(C75),COUNTIF(E75:AH75,"X"),"") -> 0 | AJ75: =IF(ISTEXT(C75),COUNTIF(E75:AH75,"T"),"") -> 0
... A113: 50 | B113: =SF2_Default!C112 -> 0 | C113: =SF2_Default!D112 -> 0 | AI113: =IF(ISTEXT(C113),COUNTIF(E113:AH113,"X"),"") | AJ113: =IF(ISTEXT(C113),COUNTIF(E113:AH113,"T"),"")
C114: =COUNTIF(C64:C113,"*") -> 22 | E114: =IF(ISNUMBER(E$10),COUNTIF(E64:E113,"X"),"") | F114: =IF(ISNUMBER(F$10),COUNTIF(F64:F113,"X"),"") -> 0 | G114: =IF(ISNUMBER(G$10),COUNTIF(G64:G113,"X"),"") -> 0 | H114: =IF(ISNUMBER(H$10),COUNTIF(H64:H113,"X"),"") -> 0 | I114: =IF(ISNUMBER(I$10),COUNTIF(I64:I113,"X"),"") -> 0 | J114: =IF(ISNUMBER(J$10),COUNTIF(J64:J113,"X"),"") | K114: =IF(ISNUMBER(K$10),COUNTIF(K64:K113,"X"),"") -> 0 | L114: =IF(ISNUMBER(L$10),COUNTIF(L64:L113,"X"),"") | ... AH114: =IF(ISNUMBER(AH$10),COUNTIF(AH64:AH113,"X"),"") | AI114: =SUM(AI64:AI113) -> 0 | AJ114: =SUM(AJ64:AJ113) -> 0
A115: FEMALE | TOTAL Per Day >>> | E115: =IF(ISNUMBER(E$10),$C$114-E114,"") | F115: =IF(ISNUMBER(F$10),$C$114-F114,"") -> 22 | G115: =IF(ISNUMBER(G$10),$C$114-G114,"") -> 22 | H115: =IF(ISNUMBER(H$10),$C$114-H114,"") -> 22 | I115: =IF(ISNUMBER(I$10),$C$114-I114,"") -> 22 | J115: =IF(ISNUMBER(J$10),$C$114-J114,"") | K115: =IF(ISNUMBER(K$10),$C$114-K114,"") -> 22 | L115: =IF(ISNUMBER(L$10),$C$114-L114,"") | ... AH115: =IF(ISNUMBER(AH$10),$C$114-AH114,"") | AI115: =SUM(E115:AH115) -> 264 | AJ115: <<< Total FEMALE present for the month
A116: Combined TOTAL PER DAY | E116: =IF(ISNUMBER(E$10),E63+E115,"") | F116: =IF(ISNUMBER(F$10),F63+F115,"") -> 43 | G116: =IF(ISNUMBER(G$10),G63+G115,"") -> 43 | H116: =IF(ISNUMBER(H$10),H63+H115,"") -> 43 | I116: =IF(ISNUMBER(I$10),I63+I115,"") -> 43 | J116: =IF(ISNUMBER(J$10),J63+J115,"") | K116: =IF(ISNUMBER(K$10),K63+K115,"") -> 43 | L116: =IF(ISNUMBER(L$10),L63+L115,"") | ... AH116: =IF(ISNUMBER(AH$10),AH63+AH115,"") | AI116: =AI63+AI115 -> 516 | AJ116: <<< COMBINED total present for the month
C117: FOOTER
A118: GUIDELINES: | R118: 1. CODES FOR CHECKING ATTENDANCE | AH118: Month: | AK118: No. of Days of Classes: | AM118: =COUNTIF(E10:AH10,">0") -> 12 | AN118: Summary
A119: 1. The attendance shall be accomplished daily. Refer to the codes for checking learners' attendance. | R119: (blank) - Present; (X) - Absent; (T)- Tardy | AH119: =Y5 -> DECEMBER | AN119: M | AO119: F | AP119: TOTAL
A120: 2. Dates shall be written in the columns after Learner's Name. | AH120: * Enrolment as of (1st Friday of June) | AN120: =SF2_Default!H11 -> 21 | AO120: =SF2_Default!J11 -> 22 | AP120: =SUM(AN120:AO120) -> 43
A121: 3. To compute the following: | R121: 2. REASONS/CAUSES FOR DROPPING OUT
A122: a. | C122: Percentage of Enrolment = | E122: Registered Learners as of end of the month | O122: x 100 | R122: a. Domestic-Related Factors | AH122: Late Enrollment during the month (beyond cut-off) | AN122: 0 | AO122: 0 | AP122: =SUM(AN122:AO122) -> 0
E123: Enrolment as of 1st Friday of the school year | R123: a.1. Had to take care of siblings
A124: b. | C124: Average Daily Attendance = | E124: Total Daily Attendance | R124: a.2. Early marriage/pregnancy | AH124: Registered Learners as of end of the month | AN124: =$C$62 -> 21 | AO124: =$C$114 -> 22 | AP124: =SUM(AN124:AO124) -> 43
E125: Number of School Days in reporting month | R125: a.3. Parents' attitude toward schooling
A126: c. | C126: Percentage of Attendance for the month = | E126: Average daily attendance | O126: x 100 | R126: a.4. Family problems | AH126: Percentage of Enrolment as of end of the month | AN126: =IF(ISNUMBER(AN120),AN124/AN120,"") -> 1 | AO126: =IF(ISNUMBER(AO120),AO124/AO120,"") -> 1 | AP126: =IF(AP120>0,AP124/AP120,"") -> 1
E127: Registered Learners as of end of the month | R127: b. Individual-Related Factors
R128: b.1. Illness | AH128: Average Daily Attendance | AN128: =ROUND($AI$63/$AM$118,2) -> 21 | AO128: =ROUND($AI$115/$AM$118,2) -> 22 | AP128: =ROUND(SUM(AN128:AO128),2) -> 43
A129: 4. Every end of the month, the class adviser will submit this form to the office of the principal for recording of summary table into School Form 4. Once signed by the principal, this form should be returned to the adviser. | R129: b.2. Overage
R130: b.3. Death | AH130: Percentage of Attendance for the month | AN130: =AN128/AN124 -> 1 | AO130: =AO128/AO124 -> 1 | AP130: =AVERAGE(AN130:AO131) -> 1
A131: 5. The adviser will provide neccessary interventions including but not limited to home visitation to learner/s who were absent for 5 consecutive days and/or those at risk of dropping out. | R131: b.4. Drug Abuse
R132: b.5. Poor academic performance | AH132: Number of students absent for 5 consecutive days | AN132: 0 | AO132: 0 | AP132: =SUM(AN132:AO132) -> 0
A133: 6. Attendance performance of learners will be reflected in Form 137 and Form 138 every grading period. | R133: b.6. Lack of interest/Distractions
A134: * | C134: Beginning of School Year cut-off report is every 1st Friday of the School Year | R134: b.7. Hunger/Malnutrition | AH134: Drop out | AN134: 0 | AO134: 0 | AP134: =SUM(AN134:AO134) -> 0
R135: c. School-Related Factors
C136: Computations: | R136: c.1. Teacher Factor | AH136: Transferred out | AN136: 0 | AO136: 0 | AP136: =SUM(AN136:AO136) -> 0
E137: MALE | J137: FEMALE | R137: c.2. Physical condition of classroom
C138: a. Percentage of Enrolment = | E138: =$AN$124 -> 21 | G138: x 100 | J138: =$AO$124 -> 22 | L138: x 100 | R138: c.3. Peer influence | AH138: Transferred in | AN138: 0 | AO138: 0 | AP138: =SUM(AN138:AO138) -> 0
E139: =$AN$120 -> 21 | J139: =$AO$120 -> 22 | R139: d. Geographic/Environmental
R140: d.1. Distance between home and school
C141: b. Average Daily Attendance = | E141: =$AI$63 -> 252 | J141: =$AI$115 -> 264 | R141: d.2. Armed conflict (incl. Tribal wars & clanfeuds) | AH141: I certify that this is a true and correct report.
E142: =$AM$118 -> 12 | J142: =$AM$118 -> 12 | R142: d.3. Calamities/Disasters
R143: e. Financial-Related | AJ143: =SF2_Default!O9 -> Mr. John Rey Tubello
C144: c. Percentage of Attendance for the month = | E144: =$AN$128 -> 21 | G144: x 100 | J144: =$AO$128 -> 22 | L144: x 100 | R144: e.1. Child labor, work | AJ144: (Signature of Class Adviser over Printed Name)
E145: =$AN$124 -> 21 | J145: =$AO$124 -> 22 | R145: f. Others (Specify)
AH146: Attested by:
AJ147: =SF2_Default!O11 -> Mrs. Lucile Ariette A. Bautista
C148: School Form 2 : Page 1 of 1 | AJ148: =SF2_Default!N11 -> School Principal

Sheet SF2_JAN
A2: School Form 2 (SF2) Daily Attendance Report of Learners
A3: (This replaces Form 1, Form 2 & STS Form 4 - Absenteeism and Dropout Profile)
G4: 1FBFCVJeD1oNUgr8CQcYAE59bhnLo5qru-QwdKVTqY24
C5: School ID | D5: =SF2_Default!G4 -> 406295 | K5: School Year | L5: =SF2_Default!Q6 -> 2026-2027 | R5: Report for the Month of | Y5: JANUARY
C7: Name of School | D7: =SF2_Default!G6 -> MANILA CATHEDRAL SCHOOL | U7: Grade Level | Y7: =SF2_Default!V6 -> Grade 8 | AA7: Section | AI7: =SF2_Default!Y6 -> St. Faustina Kowalska
C9: (Last Name, First Name Middle Name) | E9: JANUARY 2027 | AI9: Total for the Month | AK9: REMARKS (If DROPPED OUT, state reason, please refer to legend number 2. If TRANSFERRED IN/OUT, write the name of School.)
B10: ID NUMBER | C10: LEARNER'S NAME | K10: 4 | L10: 5 | M10: 6 | N10: 7 | O10: 8 | Q10: 11 | R10: 12 | S10: 13 | T10: 14 | U10: 15 | W10: 18 | X10: 19 | Y10: 20 | Z10: 21 | AA10: 22 | AC10: 25 | AD10: 26 | AE10: 27 | AF10: 28 | AG10: 29 | AI10: ABSENT | AJ10: TARDY
E11: M | F11: T | G11: W | H11: TH | I11: F | J11: S | K11: M | L11: T | M11: W | N11: TH | O11: F | P11: S | Q11: M | R11: T | S11: W | T11: TH | U11: F | V11: S | W11: M | X11: T | Y11: W | Z11: TH | AA11: F | AB11: S | AC11: M | AD11: T | AE11: W | AF11: TH | AG11: F
A12: 1 | B12: =SF2_Default!C12 -> 23-003330 | C12: =SF2_Default!D12 -> BONIFACIO LORD RANI KARL PAINAGA | AI12: =IF(ISTEXT(C12),COUNTIF(E12:AH12,"X"),"") -> 0 | AJ12: =IF(ISTEXT(C12),COUNTIF(E12:AH12,"T"),"") -> 0
A13: 2 | B13: =SF2_Default!C13 -> 25-001275 | C13: =SF2_Default!D13 -> BUCACAO JOHNREEVE KHARI ALFONSO | AI13: =IF(ISTEXT(C13),COUNTIF(E13:AH13,"X"),"") -> 0 | AJ13: =IF(ISTEXT(C13),COUNTIF(E13:AH13,"T"),"") -> 0
A14: 3 | B14: =SF2_Default!C14 -> 19-00091 | C14: =SF2_Default!D14 -> CANDELARIA JAYREN D | AI14: =IF(ISTEXT(C14),COUNTIF(E14:AH14,"X"),"") -> 0 | AJ14: =IF(ISTEXT(C14),COUNTIF(E14:AH14,"T"),"") -> 0
A15: 4 | B15: =SF2_Default!C15 -> 18-00355 | C15: =SF2_Default!D15 -> CAY ROJER JYUAN P | AI15: =IF(ISTEXT(C15),COUNTIF(E15:AH15,"X"),"") -> 0 | AJ15: =IF(ISTEXT(C15),COUNTIF(E15:AH15,"T"),"") -> 0
A16: 5 | B16: =SF2_Default!C16 -> 25-000460 | C16: =SF2_Default!D16 -> CEZAR JOHN MANUEL DE LEON | AI16: =IF(ISTEXT(C16),COUNTIF(E16:AH16,"X"),"") -> 0 | AJ16: =IF(ISTEXT(C16),COUNTIF(E16:AH16,"T"),"") -> 0
A17: 6 | B17: =SF2_Default!C17 -> 20-00075 | C17: =SF2_Default!D17 -> CONJE LEOBERT JOROS D | AI17: =IF(ISTEXT(C17),COUNTIF(E17:AH17,"X"),"") -> 0 | AJ17: =IF(ISTEXT(C17),COUNTIF(E17:AH17,"T"),"") -> 0
A18: 7 | B18: =SF2_Default!C18 -> 25-001588 | C18: =SF2_Default!D18 -> DE LEON MARCUS BRENT TITCO | AI18: =IF(ISTEXT(C18),COUNTIF(E18:AH18,"X"),"") -> 0 | AJ18: =IF(ISTEXT(C18),COUNTIF(E18:AH18,"T"),"") -> 0
A19: 8 | B19: =SF2_Default!C19 -> 19-00239 | C19: =SF2_Default!D19 -> DEL ROSARIO ROBIN DALE A | AI19: =IF(ISTEXT(C19),COUNTIF(E19:AH19,"X"),"") -> 0 | AJ19: =IF(ISTEXT(C19),COUNTIF(E19:AH19,"T"),"") -> 0
A20: 9 | B20: =SF2_Default!C20 -> 18-00100 | C20: =SF2_Default!D20 -> DIEGO DAN LEONARD Q | AI20: =IF(ISTEXT(C20),COUNTIF(E20:AH20,"X"),"") -> 0 | AJ20: =IF(ISTEXT(C20),COUNTIF(E20:AH20,"T"),"") -> 0
A21: 10 | B21: =SF2_Default!C21 -> 19-00097 | C21: =SF2_Default!D21 -> GAMBOA OLIVER FRANCOIS Z | AI21: =IF(ISTEXT(C21),COUNTIF(E21:AH21,"X"),"") -> 0 | AJ21: =IF(ISTEXT(C21),COUNTIF(E21:AH21,"T"),"") -> 0
A22: 11 | B22: =SF2_Default!C22 -> 25-000134 | C22: =SF2_Default!D22 -> GO KELLIN CHASE SAN PEDRO | AI22: =IF(ISTEXT(C22),COUNTIF(E22:AH22,"X"),"") -> 0 | AJ22: =IF(ISTEXT(C22),COUNTIF(E22:AH22,"T"),"") -> 0
A23: 12 | B23: =SF2_Default!C23 -> 25-000839 | C23: =SF2_Default!D23 -> MALINIS ANDREI JAMES PARAGATOS | AI23: =IF(ISTEXT(C23),COUNTIF(E23:AH23,"X"),"") -> 0 | AJ23: =IF(ISTEXT(C23),COUNTIF(E23:AH23,"T"),"") -> 0
... A61: 50 | B61: =SF2_Default!C61 -> 0 | C61: =SF2_Default!D61 -> 0 | AI61: =IF(ISTEXT(C61),COUNTIF(E61:AH61,"X"),"") | AJ61: =IF(ISTEXT(C61),COUNTIF(E61:AH61,"T"),"")
C62: =COUNTIF(C12:C61,"*") -> 21 | E62: =IF(ISNUMBER(E$10),COUNTIF(E12:E61,"X"),"") | F62: =IF(ISNUMBER(F$10),COUNTIF(F12:F61,"X"),"") | G62: =IF(ISNUMBER(G$10),COUNTIF(G12:G61,"X"),"") | H62: =IF(ISNUMBER(H$10),COUNTIF(H12:H61,"X"),"") | I62: =IF(ISNUMBER(I$10),COUNTIF(I12:I61,"X"),"") | J62: =IF(ISNUMBER(J$10),COUNTIF(J12:J61,"X"),"") | K62: =IF(ISNUMBER(K$10),COUNTIF(K12:K61,"X"),"") -> 0 | L62: =IF(ISNUMBER(L$10),COUNTIF(L12:L61,"X"),"") -> 0 | ... AH62: =IF(ISNUMBER(AH$10),COUNTIF(AH12:AH61,"X"),"") | AI62: =SUM(AI12:AI61) -> 0 | AJ62: =SUM(AJ12:AJ61) -> 0
A63: MALE | TOTAL Per Day >>> | E63: =IF(ISNUMBER(E$10),$C$62-E62,"") | F63: =IF(ISNUMBER(F$10),$C$62-F62,"") | G63: =IF(ISNUMBER(G$10),$C$62-G62,"") | H63: =IF(ISNUMBER(H$10),$C$62-H62,"") | I63: =IF(ISNUMBER(I$10),$C$62-I62,"") | J63: =IF(ISNUMBER(J$10),$C$62-J62,"") | K63: =IF(ISNUMBER(K$10),$C$62-K62,"") -> 21 | L63: =IF(ISNUMBER(L$10),$C$62-L62,"") -> 21 | ... AH63: =IF(ISNUMBER(AH$10),$C$62-AH62,"") | AI63: =SUM(E63:AH63) -> 420 | AJ63: <<< Total MALE present for the month
A64: 1 | B64: =SF2_Default!C63 -> 25-000800 | C64: =SF2_Default!D63 -> ANGELES ALLERIA JHANE TUBIANO | AI64: =IF(ISTEXT(C64),COUNTIF(E64:AH64,"X"),"") -> 0 | AJ64: =IF(ISTEXT(C64),COUNTIF(E64:AH64,"T"),"") -> 0
A65: 2 | B65: =SF2_Default!C64 -> 25-001230 | C65: =SF2_Default!D64 -> BELISARIO ELIJAH MIRIONETTE | AI65: =IF(ISTEXT(C65),COUNTIF(E65:AH65,"X"),"") -> 0 | AJ65: =IF(ISTEXT(C65),COUNTIF(E65:AH65,"T"),"") -> 0
A66: 3 | B66: =SF2_Default!C65 -> 18-003636 | C66: =SF2_Default!D65 -> BENEDICTO CASSANDRA VIELLE V | AI66: =IF(ISTEXT(C66),COUNTIF(E66:AH66,"X"),"") -> 0 | AJ66: =IF(ISTEXT(C66),COUNTIF(E66:AH66,"T"),"") -> 0
A67: 4 | B67: =SF2_Default!C66 -> 24-001215 | C67: =SF2_Default!D66 -> BONIFACIO MARY JOICE BONIFACIO | AI67: =IF(ISTEXT(C67),COUNTIF(E67:AH67,"X"),"") -> 0 | AJ67: =IF(ISTEXT(C67),COUNTIF(E67:AH67,"T"),"") -> 0
A68: 5 | B68: =SF2_Default!C67 -> 25-001589 | C68: =SF2_Default!D67 -> CABUSA KYRIE BLAIRE TENERIFE | AI68: =IF(ISTEXT(C68),COUNTIF(E68:AH68,"X"),"") -> 0 | AJ68: =IF(ISTEXT(C68),COUNTIF(E68:AH68,"T"),"") -> 0
A69: 6 | B69: =SF2_Default!C68 -> 22-000390 | C69: =SF2_Default!D68 -> DELA CRUZ BRINA MARCE GATUS | AI69: =IF(ISTEXT(C69),COUNTIF(E69:AH69,"X"),"") -> 0 | AJ69: =IF(ISTEXT(C69),COUNTIF(E69:AH69,"T"),"") -> 0
A70: 7 | B70: =SF2_Default!C69 -> 19-00080 | C70: =SF2_Default!D69 -> DELOS REYES KREEZHA CYLEE D | AI70: =IF(ISTEXT(C70),COUNTIF(E70:AH70,"X"),"") -> 0 | AJ70: =IF(ISTEXT(C70),COUNTIF(E70:AH70,"T"),"") -> 0
A71: 8 | B71: =SF2_Default!C70 -> 19-00075 | C71: =SF2_Default!D70 -> ESCOTO RICH ANNE MARY REYES | AI71: =IF(ISTEXT(C71),COUNTIF(E71:AH71,"X"),"") -> 0 | AJ71: =IF(ISTEXT(C71),COUNTIF(E71:AH71,"T"),"") -> 0
A72: 9 | B72: =SF2_Default!C71 -> 20-00037 | C72: =SF2_Default!D71 -> FORTUNO AZZURIE SOLAYMAN | AI72: =IF(ISTEXT(C72),COUNTIF(E72:AH72,"X"),"") -> 0 | AJ72: =IF(ISTEXT(C72),COUNTIF(E72:AH72,"T"),"") -> 0
A73: 10 | B73: =SF2_Default!C72 -> 25-000884 | C73: =SF2_Default!D72 -> FORTUNO JAYRA VALERIO | AI73: =IF(ISTEXT(C73),COUNTIF(E73:AH73,"X"),"") -> 0 | AJ73: =IF(ISTEXT(C73),COUNTIF(E73:AH73,"T"),"") -> 0
A74: 11 | B74: =SF2_Default!C73 -> 25-001164 | C74: =SF2_Default!D73 -> FUENTES BREEANA KLEIN ALMONIÑA | AI74: =IF(ISTEXT(C74),COUNTIF(E74:AH74,"X"),"") -> 0 | AJ74: =IF(ISTEXT(C74),COUNTIF(E74:AH74,"T"),"") -> 0
A75: 12 | B75: =SF2_Default!C74 -> 25-000191 | C75: =SF2_Default!D74 -> GABUTEN KEISZHA ANDREA ANTIOJO | AI75: =IF(ISTEXT(C75),COUNTIF(E75:AH75,"X"),"") -> 0 | AJ75: =IF(ISTEXT(C75),COUNTIF(E75:AH75,"T"),"") -> 0
... A113: 50 | B113: =SF2_Default!C112 -> 0 | C113: =SF2_Default!D112 -> 0 | AI113: =IF(ISTEXT(C113),COUNTIF(E113:AH113,"X"),"") | AJ113: =IF(ISTEXT(C113),COUNTIF(E113:AH113,"T"),"")
C114: =COUNTIF(C64:C113,"*") -> 22 | E114: =IF(ISNUMBER(E$10),COUNTIF(E64:E113,"X"),"") | F114: =IF(ISNUMBER(F$10),COUNTIF(F64:F113,"X"),"") | G114: =IF(ISNUMBER(G$10),COUNTIF(G64:G113,"X"),"") | H114: =IF(ISNUMBER(H$10),COUNTIF(H64:H113,"X"),"") | I114: =IF(ISNUMBER(I$10),COUNTIF(I64:I113,"X"),"") | J114: =IF(ISNUMBER(J$10),COUNTIF(J64:J113,"X"),"") | K114: =IF(ISNUMBER(K$10),COUNTIF(K64:K113,"X"),"") -> 0 | L114: =IF(ISNUMBER(L$10),COUNTIF(L64:L113,"X"),"") -> 0 | ... AH114: =IF(ISNUMBER(AH$10),COUNTIF(AH64:AH113,"X"),"") | AI114: =SUM(AI64:AI113) -> 0 | AJ114: =SUM(AJ64:AJ113) -> 0
A115: FEMALE | TOTAL Per Day >>> | E115: =IF(ISNUMBER(E$10),$C$114-E114,"") | F115: =IF(ISNUMBER(F$10),$C$114-F114,"") | G115: =IF(ISNUMBER(G$10),$C$114-G114,"") | H115: =IF(ISNUMBER(H$10),$C$114-H114,"") | I115: =IF(ISNUMBER(I$10),$C$114-I114,"") | J115: =IF(ISNUMBER(J$10),$C$114-J114,"") | K115: =IF(ISNUMBER(K$10),$C$114-K114,"") -> 22 | L115: =IF(ISNUMBER(L$10),$C$114-L114,"") -> 22 | ... AH115: =IF(ISNUMBER(AH$10),$C$114-AH114,"") | AI115: =SUM(E115:AH115) -> 440 | AJ115: <<< Total FEMALE present for the month
A116: Combined TOTAL PER DAY | E116: =IF(ISNUMBER(E$10),E63+E115,"") | F116: =IF(ISNUMBER(F$10),F63+F115,"") | G116: =IF(ISNUMBER(G$10),G63+G115,"") | H116: =IF(ISNUMBER(H$10),H63+H115,"") | I116: =IF(ISNUMBER(I$10),I63+I115,"") | J116: =IF(ISNUMBER(J$10),J63+J115,"") | K116: =IF(ISNUMBER(K$10),K63+K115,"") -> 43 | L116: =IF(ISNUMBER(L$10),L63+L115,"") -> 43 | ... AH116: =IF(ISNUMBER(AH$10),AH63+AH115,"") | AI116: =AI63+AI115 -> 860 | AJ116: <<< COMBINED total present for the month
C117: FOOTER
A118: GUIDELINES: | R118: 1. CODES FOR CHECKING ATTENDANCE | AH118: Month: | AK118: No. of Days of Classes: | AM118: =COUNTIF(E10:AH10,">0") -> 20 | AN118: Summary
A119: 1. The attendance shall be accomplished daily. Refer to the codes for checking learners' attendance. | R119: (blank) - Present; (X) - Absent; (T)- Tardy | AH119: =Y5 -> JANUARY | AN119: M | AO119: F | AP119: TOTAL
A120: 2. Dates shall be written in the columns after Learner's Name. | AH120: * Enrolment as of (1st Friday of June) | AN120: =SF2_Default!H11 -> 21 | AO120: =SF2_Default!J11 -> 22 | AP120: =SUM(AN120:AO120) -> 43
A121: 3. To compute the following: | R121: 2. REASONS/CAUSES FOR DROPPING OUT
A122: a. | C122: Percentage of Enrolment = | E122: Registered Learners as of end of the month | O122: x 100 | R122: a. Domestic-Related Factors | AH122: Late Enrollment during the month (beyond cut-off) | AN122: 0 | AO122: 0 | AP122: =SUM(AN122:AO122) -> 0
E123: Enrolment as of 1st Friday of the school year | R123: a.1. Had to take care of siblings
A124: b. | C124: Average Daily Attendance = | E124: Total Daily Attendance | R124: a.2. Early marriage/pregnancy | AH124: Registered Learners as of end of the month | AN124: =$C$62 -> 21 | AO124: =$C$114 -> 22 | AP124: =SUM(AN124:AO124) -> 43
E125: Number of School Days in reporting month | R125: a.3. Parents' attitude toward schooling
A126: c. | C126: Percentage of Attendance for the month = | E126: Average daily attendance | O126: x 100 | R126: a.4. Family problems | AH126: Percentage of Enrolment as of end of the month | AN126: =IF(ISNUMBER(AN120),AN124/AN120,"") -> 1 | AO126: =IF(ISNUMBER(AO120),AO124/AO120,"") -> 1 | AP126: =IF(AP120>0,AP124/AP120,"") -> 1
E127: Registered Learners as of end of the month | R127: b. Individual-Related Factors
R128: b.1. Illness | AH128: Average Daily Attendance | AN128: =ROUND($AI$63/$AM$118,2) -> 21 | AO128: =ROUND($AI$115/$AM$118,2) -> 22 | AP128: =ROUND(SUM(AN128:AO128),2) -> 43
A129: 4. Every end of the month, the class adviser will submit this form to the office of the principal for recording of summary table into School Form 4. Once signed by the principal, this form should be returned to the adviser. | R129: b.2. Overage
R130: b.3. Death | AH130: Percentage of Attendance for the month | AN130: =AN128/AN124 -> 1 | AO130: =AO128/AO124 -> 1 | AP130: =AVERAGE(AN130:AO131) -> 1
A131: 5. The adviser will provide neccessary interventions including but not limited to home visitation to learner/s who were absent for 5 consecutive days and/or those at risk of dropping out. | R131: b.4. Drug Abuse
R132: b.5. Poor academic performance | AH132: Number of students absent for 5 consecutive days | AN132: 0 | AO132: 0 | AP132: =SUM(AN132:AO132) -> 0
A133: 6. Attendance performance of learners will be reflected in Form 137 and Form 138 every grading period. | R133: b.6. Lack of interest/Distractions
A134: * | C134: Beginning of School Year cut-off report is every 1st Friday of the School Year | R134: b.7. Hunger/Malnutrition | AH134: Drop out | AN134: 0 | AO134: 0 | AP134: =SUM(AN134:AO134) -> 0
R135: c. School-Related Factors
C136: Computations: | R136: c.1. Teacher Factor | AH136: Transferred out | AN136: 0 | AO136: 0 | AP136: =SUM(AN136:AO136) -> 0
E137: MALE | J137: FEMALE | R137: c.2. Physical condition of classroom
C138: a. Percentage of Enrolment = | E138: =$AN$124 -> 21 | G138: x 100 | J138: =$AO$124 -> 22 | L138: x 100 | R138: c.3. Peer influence | AH138: Transferred in | AN138: 0 | AO138: 0 | AP138: =SUM(AN138:AO138) -> 0
E139: =$AN$120 -> 21 | J139: =$AO$120 -> 22 | R139: d. Geographic/Environmental
R140: d.1. Distance between home and school
C141: b. Average Daily Attendance = | E141: =$AI$63 -> 420 | J141: =$AI$115 -> 440 | R141: d.2. Armed conflict (incl. Tribal wars & clanfeuds) | AH141: I certify that this is a true and correct report.
E142: =$AM$118 -> 20 | J142: =$AM$118 -> 20 | R142: d.3. Calamities/Disasters
R143: e. Financial-Related | AJ143: =SF2_Default!O9 -> Mr. John Rey Tubello
C144: c. Percentage of Attendance for the month = | E144: =$AN$128 -> 21 | G144: x 100 | J144: =$AO$128 -> 22 | L144: x 100 | R144: e.1. Child labor, work | AJ144: (Signature of Class Adviser over Printed Name)
E145: =$AN$124 -> 21 | J145: =$AO$124 -> 22 | R145: f. Others (Specify)
AH146: Attested by:
AJ147: =SF2_Default!O11 -> Mrs. Lucile Ariette A. Bautista
C148: School Form 2 : Page 1 of 1 | AJ148: =SF2_Default!N11 -> School Principal

Sheet SF2_FEB
A2: School Form 2 (SF2) Daily Attendance Report of Learners
A3: (This replaces Form 1, Form 2 & STS Form 4 - Absenteeism and Dropout Profile)
G4: 1FBFCVJeD1oNUgr8CQcYAE59bhnLo5qru-QwdKVTqY24
C5: School ID | D5: =SF2_Default!G4 -> 406295 | K5: School Year | L5: =SF2_Default!Q6 -> 2026-2027 | R5: Report for the Month of | Y5: FEBRUARY
C7: Name of School | D7: =SF2_Default!G6 -> MANILA CATHEDRAL SCHOOL | U7: Grade Level | Y7: =SF2_Default!V6 -> Grade 8 | AA7: Section | AI7: =SF2_Default!Y6 -> St. Faustina Kowalska
C9: (Last Name, First Name Middle Name) | E9: FEBRUARY 2027 | AI9: Total for the Month | AK9: REMARKS (If DROPPED OUT, state reason, please refer to legend number 2. If TRANSFERRED IN/OUT, write the name of School.)
B10: ID NUMBER | C10: LEARNER'S NAME | E10: 1 | F10: 2 | G10: 3 | H10: 4 | I10: 5 | K10: 8 | L10: 9 | M10: 10 | N10: 11 | O10: 12 | Q10: 15 | R10: 16 | S10: 17 | T10: 18 | U10: 19 | W10: 22 | X10: 23 | Y10: 24 | AA10: 26 | AI10: ABSENT | AJ10: TARDY
E11: M | F11: T | G11: W | H11: TH | I11: F | J11: S | K11: M | L11: T | M11: W | N11: TH | O11: F | P11: S | Q11: M | R11: T | S11: W | T11: TH | U11: F | V11: S | W11: M | X11: T | Y11: W | Z11: TH | AA11: F | AB11: S | AC11: M | AD11: T | AE11: W | AF11: TH | AG11: F
A12: 1 | B12: =SF2_Default!C12 -> 23-003330 | C12: =SF2_Default!D12 -> BONIFACIO LORD RANI KARL PAINAGA | AI12: =IF(ISTEXT(C12),COUNTIF(E12:AH12,"X"),"") -> 0 | AJ12: =IF(ISTEXT(C12),COUNTIF(E12:AH12,"T"),"") -> 0
A13: 2 | B13: =SF2_Default!C13 -> 25-001275 | C13: =SF2_Default!D13 -> BUCACAO JOHNREEVE KHARI ALFONSO | AI13: =IF(ISTEXT(C13),COUNTIF(E13:AH13,"X"),"") -> 0 | AJ13: =IF(ISTEXT(C13),COUNTIF(E13:AH13,"T"),"") -> 0
A14: 3 | B14: =SF2_Default!C14 -> 19-00091 | C14: =SF2_Default!D14 -> CANDELARIA JAYREN D | AI14: =IF(ISTEXT(C14),COUNTIF(E14:AH14,"X"),"") -> 0 | AJ14: =IF(ISTEXT(C14),COUNTIF(E14:AH14,"T"),"") -> 0
A15: 4 | B15: =SF2_Default!C15 -> 18-00355 | C15: =SF2_Default!D15 -> CAY ROJER JYUAN P | AI15: =IF(ISTEXT(C15),COUNTIF(E15:AH15,"X"),"") -> 0 | AJ15: =IF(ISTEXT(C15),COUNTIF(E15:AH15,"T"),"") -> 0
A16: 5 | B16: =SF2_Default!C16 -> 25-000460 | C16: =SF2_Default!D16 -> CEZAR JOHN MANUEL DE LEON | AI16: =IF(ISTEXT(C16),COUNTIF(E16:AH16,"X"),"") -> 0 | AJ16: =IF(ISTEXT(C16),COUNTIF(E16:AH16,"T"),"") -> 0
A17: 6 | B17: =SF2_Default!C17 -> 20-00075 | C17: =SF2_Default!D17 -> CONJE LEOBERT JOROS D | AI17: =IF(ISTEXT(C17),COUNTIF(E17:AH17,"X"),"") -> 0 | AJ17: =IF(ISTEXT(C17),COUNTIF(E17:AH17,"T"),"") -> 0
A18: 7 | B18: =SF2_Default!C18 -> 25-001588 | C18: =SF2_Default!D18 -> DE LEON MARCUS BRENT TITCO | AI18: =IF(ISTEXT(C18),COUNTIF(E18:AH18,"X"),"") -> 0 | AJ18: =IF(ISTEXT(C18),COUNTIF(E18:AH18,"T"),"") -> 0
A19: 8 | B19: =SF2_Default!C19 -> 19-00239 | C19: =SF2_Default!D19 -> DEL ROSARIO ROBIN DALE A | AI19: =IF(ISTEXT(C19),COUNTIF(E19:AH19,"X"),"") -> 0 | AJ19: =IF(ISTEXT(C19),COUNTIF(E19:AH19,"T"),"") -> 0
A20: 9 | B20: =SF2_Default!C20 -> 18-00100 | C20: =SF2_Default!D20 -> DIEGO DAN LEONARD Q | AI20: =IF(ISTEXT(C20),COUNTIF(E20:AH20,"X"),"") -> 0 | AJ20: =IF(ISTEXT(C20),COUNTIF(E20:AH20,"T"),"") -> 0
A21: 10 | B21: =SF2_Default!C21 -> 19-00097 | C21: =SF2_Default!D21 -> GAMBOA OLIVER FRANCOIS Z | AI21: =IF(ISTEXT(C21),COUNTIF(E21:AH21,"X"),"") -> 0 | AJ21: =IF(ISTEXT(C21),COUNTIF(E21:AH21,"T"),"") -> 0
A22: 11 | B22: =SF2_Default!C22 -> 25-000134 | C22: =SF2_Default!D22 -> GO KELLIN CHASE SAN PEDRO | AI22: =IF(ISTEXT(C22),COUNTIF(E22:AH22,"X"),"") -> 0 | AJ22: =IF(ISTEXT(C22),COUNTIF(E22:AH22,"T"),"") -> 0
A23: 12 | B23: =SF2_Default!C23 -> 25-000839 | C23: =SF2_Default!D23 -> MALINIS ANDREI JAMES PARAGATOS | AI23: =IF(ISTEXT(C23),COUNTIF(E23:AH23,"X"),"") -> 0 | AJ23: =IF(ISTEXT(C23),COUNTIF(E23:AH23,"T"),"") -> 0
... A61: 50 | B61: =SF2_Default!C61 -> 0 | C61: =SF2_Default!D61 -> 0 | AI61: =IF(ISTEXT(C61),COUNTIF(E61:AH61,"X"),"") | AJ61: =IF(ISTEXT(C61),COUNTIF(E61:AH61,"T"),"")
C62: =COUNTIF(C12:C61,"*") -> 21 | E62: =IF(ISNUMBER(E$10),COUNTIF(E12:E61,"X"),"") -> 0 | F62: =IF(ISNUMBER(F$10),COUNTIF(F12:F61,"X"),"") -> 0 | G62: =IF(ISNUMBER(G$10),COUNTIF(G12:G61,"X"),"") -> 0 | H62: =IF(ISNUMBER(H$10),COUNTIF(H12:H61,"X"),"") -> 0 | I62: =IF(ISNUMBER(I$10),COUNTIF(I12:I61,"X"),"") -> 0 | J62: =IF(ISNUMBER(J$10),COUNTIF(J12:J61,"X"),"") | K62: =IF(ISNUMBER(K$10),COUNTIF(K12:K61,"X"),"") -> 0 | L62: =IF(ISNUMBER(L$10),COUNTIF(L12:L61,"X"),"") -> 0 | ... AH62: =IF(ISNUMBER(AH$10),COUNTIF(AH12:AH61,"X"),"") | AI62: =SUM(AI12:AI61) -> 0 | AJ62: =SUM(AJ12:AJ61) -> 0
A63: MALE | TOTAL Per Day >>> | E63: =IF(ISNUMBER(E$10),$C$62-E62,"") -> 21 | F63: =IF(ISNUMBER(F$10),$C$62-F62,"") -> 21 | G63: =IF(ISNUMBER(G$10),$C$62-G62,"") -> 21 | H63: =IF(ISNUMBER(H$10),$C$62-H62,"") -> 21 | I63: =IF(ISNUMBER(I$10),$C$62-I62,"") -> 21 | J63: =IF(ISNUMBER(J$10),$C$62-J62,"") | K63: =IF(ISNUMBER(K$10),$C$62-K62,"") -> 21 | L63: =IF(ISNUMBER(L$10),$C$62-L62,"") -> 21 | ... AH63: =IF(ISNUMBER(AH$10),$C$62-AH62,"") | AI63: =SUM(E63:AH63) -> 399 | AJ63: <<< Total MALE present for the month
A64: 1 | B64: =SF2_Default!C63 -> 25-000800 | C64: =SF2_Default!D63 -> ANGELES ALLERIA JHANE TUBIANO | AI64: =IF(ISTEXT(C64),COUNTIF(E64:AH64,"X"),"") -> 0 | AJ64: =IF(ISTEXT(C64),COUNTIF(E64:AH64,"T"),"") -> 0
A65: 2 | B65: =SF2_Default!C64 -> 25-001230 | C65: =SF2_Default!D64 -> BELISARIO ELIJAH MIRIONETTE | AI65: =IF(ISTEXT(C65),COUNTIF(E65:AH65,"X"),"") -> 0 | AJ65: =IF(ISTEXT(C65),COUNTIF(E65:AH65,"T"),"") -> 0
A66: 3 | B66: =SF2_Default!C65 -> 18-003636 | C66: =SF2_Default!D65 -> BENEDICTO CASSANDRA VIELLE V | AI66: =IF(ISTEXT(C66),COUNTIF(E66:AH66,"X"),"") -> 0 | AJ66: =IF(ISTEXT(C66),COUNTIF(E66:AH66,"T"),"") -> 0
A67: 4 | B67: =SF2_Default!C66 -> 24-001215 | C67: =SF2_Default!D66 -> BONIFACIO MARY JOICE BONIFACIO | AI67: =IF(ISTEXT(C67),COUNTIF(E67:AH67,"X"),"") -> 0 | AJ67: =IF(ISTEXT(C67),COUNTIF(E67:AH67,"T"),"") -> 0
A68: 5 | B68: =SF2_Default!C67 -> 25-001589 | C68: =SF2_Default!D67 -> CABUSA KYRIE BLAIRE TENERIFE | AI68: =IF(ISTEXT(C68),COUNTIF(E68:AH68,"X"),"") -> 0 | AJ68: =IF(ISTEXT(C68),COUNTIF(E68:AH68,"T"),"") -> 0
A69: 6 | B69: =SF2_Default!C68 -> 22-000390 | C69: =SF2_Default!D68 -> DELA CRUZ BRINA MARCE GATUS | AI69: =IF(ISTEXT(C69),COUNTIF(E69:AH69,"X"),"") -> 0 | AJ69: =IF(ISTEXT(C69),COUNTIF(E69:AH69,"T"),"") -> 0
A70: 7 | B70: =SF2_Default!C69 -> 19-00080 | C70: =SF2_Default!D69 -> DELOS REYES KREEZHA CYLEE D | AI70: =IF(ISTEXT(C70),COUNTIF(E70:AH70,"X"),"") -> 0 | AJ70: =IF(ISTEXT(C70),COUNTIF(E70:AH70,"T"),"") -> 0
A71: 8 | B71: =SF2_Default!C70 -> 19-00075 | C71: =SF2_Default!D70 -> ESCOTO RICH ANNE MARY REYES | AI71: =IF(ISTEXT(C71),COUNTIF(E71:AH71,"X"),"") -> 0 | AJ71: =IF(ISTEXT(C71),COUNTIF(E71:AH71,"T"),"") -> 0
A72: 9 | B72: =SF2_Default!C71 -> 20-00037 | C72: =SF2_Default!D71 -> FORTUNO AZZURIE SOLAYMAN | AI72: =IF(ISTEXT(C72),COUNTIF(E72:AH72,"X"),"") -> 0 | AJ72: =IF(ISTEXT(C72),COUNTIF(E72:AH72,"T"),"") -> 0
A73: 10 | B73: =SF2_Default!C72 -> 25-000884 | C73: =SF2_Default!D72 -> FORTUNO JAYRA VALERIO | AI73: =IF(ISTEXT(C73),COUNTIF(E73:AH73,"X"),"") -> 0 | AJ73: =IF(ISTEXT(C73),COUNTIF(E73:AH73,"T"),"") -> 0
A74: 11 | B74: =SF2_Default!C73 -> 25-001164 | C74: =SF2_Default!D73 -> FUENTES BREEANA KLEIN ALMONIÑA | AI74: =IF(ISTEXT(C74),COUNTIF(E74:AH74,"X"),"") -> 0 | AJ74: =IF(ISTEXT(C74),COUNTIF(E74:AH74,"T"),"") -> 0
A75: 12 | B75: =SF2_Default!C74 -> 25-000191 | C75: =SF2_Default!D74 -> GABUTEN KEISZHA ANDREA ANTIOJO | AI75: =IF(ISTEXT(C75),COUNTIF(E75:AH75,"X"),"") -> 0 | AJ75: =IF(ISTEXT(C75),COUNTIF(E75:AH75,"T"),"") -> 0
... A113: 50 | B113: =SF2_Default!C112 -> 0 | C113: =SF2_Default!D112 -> 0 | AI113: =IF(ISTEXT(C113),COUNTIF(E113:AH113,"X"),"") | AJ113: =IF(ISTEXT(C113),COUNTIF(E113:AH113,"T"),"")
C114: =COUNTIF(C64:C113,"*") -> 22 | E114: =IF(ISNUMBER(E$10),COUNTIF(E64:E113,"X"),"") -> 0 | F114: =IF(ISNUMBER(F$10),COUNTIF(F64:F113,"X"),"") -> 0 | G114: =IF(ISNUMBER(G$10),COUNTIF(G64:G113,"X"),"") -> 0 | H114: =IF(ISNUMBER(H$10),COUNTIF(H64:H113,"X"),"") -> 0 | I114: =IF(ISNUMBER(I$10),COUNTIF(I64:I113,"X"),"") -> 0 | J114: =IF(ISNUMBER(J$10),COUNTIF(J64:J113,"X"),"") | K114: =IF(ISNUMBER(K$10),COUNTIF(K64:K113,"X"),"") -> 0 | L114: =IF(ISNUMBER(L$10),COUNTIF(L64:L113,"X"),"") -> 0 | ... AH114: =IF(ISNUMBER(AH$10),COUNTIF(AH64:AH113,"X"),"") | AI114: =SUM(AI64:AI113) -> 0 | AJ114: =SUM(AJ64:AJ113) -> 0
A115: FEMALE | TOTAL Per Day >>> | E115: =IF(ISNUMBER(E$10),$C$114-E114,"") -> 22 | F115: =IF(ISNUMBER(F$10),$C$114-F114,"") -> 22 | G115: =IF(ISNUMBER(G$10),$C$114-G114,"") -> 22 | H115: =IF(ISNUMBER(H$10),$C$114-H114,"") -> 22 | I115: =IF(ISNUMBER(I$10),$C$114-I114,"") -> 22 | J115: =IF(ISNUMBER(J$10),$C$114-J114,"") | K115: =IF(ISNUMBER(K$10),$C$114-K114,"") -> 22 | L115: =IF(ISNUMBER(L$10),$C$114-L114,"") -> 22 | ... AH115: =IF(ISNUMBER(AH$10),$C$114-AH114,"") | AI115: =SUM(E115:AH115) -> 418 | AJ115: <<< Total FEMALE present for the month
A116: Combined TOTAL PER DAY | E116: =IF(ISNUMBER(E$10),E63+E115,"") -> 43 | F116: =IF(ISNUMBER(F$10),F63+F115,"") -> 43 | G116: =IF(ISNUMBER(G$10),G63+G115,"") -> 43 | H116: =IF(ISNUMBER(H$10),H63+H115,"") -> 43 | I116: =IF(ISNUMBER(I$10),I63+I115,"") -> 43 | J116: =IF(ISNUMBER(J$10),J63+J115,"") | K116: =IF(ISNUMBER(K$10),K63+K115,"") -> 43 | L116: =IF(ISNUMBER(L$10),L63+L115,"") -> 43 | ... AH116: =IF(ISNUMBER(AH$10),AH63+AH115,"") | AI116: =AI63+AI115 -> 817 | AJ116: <<< COMBINED total present for the month
C117: FOOTER
A118: GUIDELINES: | R118: 1. CODES FOR CHECKING ATTENDANCE | AH118: Month: | AK118: No. of Days of Classes: | AM118: =COUNTIF(E10:AH10,">0") -> 19 | AN118: Summary
A119: 1. The attendance shall be accomplished daily. Refer to the codes for checking learners' attendance. | R119: (blank) - Present; (X) - Absent; (T)- Tardy | AH119: =Y5 -> FEBRUARY | AN119: M | AO119: F | AP119: TOTAL
A120: 2. Dates shall be written in the columns after Learner's Name. | AH120: * Enrolment as of (1st Friday of June) | AN120: =SF2_Default!H11 -> 21 | AO120: =SF2_Default!J11 -> 22 | AP120: =SUM(AN120:AO120) -> 43
A121: 3. To compute the following: | R121: 2. REASONS/CAUSES FOR DROPPING OUT
A122: a. | C122: Percentage of Enrolment = | E122: Registered Learners as of end of the month | O122: x 100 | R122: a. Domestic-Related Factors | AH122: Late Enrollment during the month (beyond cut-off) | AN122: 0 | AO122: 0 | AP122: =SUM(AN122:AO122) -> 0
E123: Enrolment as of 1st Friday of the school year | R123: a.1. Had to take care of siblings
A124: b. | C124: Average Daily Attendance = | E124: Total Daily Attendance | R124: a.2. Early marriage/pregnancy | AH124: Registered Learners as of end of the month | AN124: =$C$62 -> 21 | AO124: =$C$114 -> 22 | AP124: =SUM(AN124:AO124) -> 43
E125: Number of School Days in reporting month | R125: a.3. Parents' attitude toward schooling
A126: c. | C126: Percentage of Attendance for the month = | E126: Average daily attendance | O126: x 100 | R126: a.4. Family problems | AH126: Percentage of Enrolment as of end of the month | AN126: =IF(ISNUMBER(AN120),AN124/AN120,"") -> 1 | AO126: =IF(ISNUMBER(AO120),AO124/AO120,"") -> 1 | AP126: =IF(AP120>0,AP124/AP120,"") -> 1
E127: Registered Learners as of end of the month | R127: b. Individual-Related Factors
R128: b.1. Illness | AH128: Average Daily Attendance | AN128: =ROUND($AI$63/$AM$118,2) -> 21 | AO128: =ROUND($AI$115/$AM$118,2) -> 22 | AP128: =ROUND(SUM(AN128:AO128),2) -> 43
A129: 4. Every end of the month, the class adviser will submit this form to the office of the principal for recording of summary table into School Form 4. Once signed by the principal, this form should be returned to the adviser. | R129: b.2. Overage
R130: b.3. Death | AH130: Percentage of Attendance for the month | AN130: =AN128/AN124 -> 1 | AO130: =AO128/AO124 -> 1 | AP130: =AVERAGE(AN130:AO131) -> 1
A131: 5. The adviser will provide neccessary interventions including but not limited to home visitation to learner/s who were absent for 5 consecutive days and/or those at risk of dropping out. | R131: b.4. Drug Abuse
R132: b.5. Poor academic performance | AH132: Number of students absent for 5 consecutive days | AN132: 0 | AO132: 0 | AP132: =SUM(AN132:AO132) -> 0
A133: 6. Attendance performance of learners will be reflected in Form 137 and Form 138 every grading period. | R133: b.6. Lack of interest/Distractions
A134: * | C134: Beginning of School Year cut-off report is every 1st Friday of the School Year | R134: b.7. Hunger/Malnutrition | AH134: Drop out | AN134: 0 | AO134: 0 | AP134: =SUM(AN134:AO134) -> 0
R135: c. School-Related Factors
C136: Computations: | R136: c.1. Teacher Factor | AH136: Transferred out | AN136: 0 | AO136: 0 | AP136: =SUM(AN136:AO136) -> 0
E137: MALE | J137: FEMALE | R137: c.2. Physical condition of classroom
C138: a. Percentage of Enrolment = | E138: =$AN$124 -> 21 | G138: x 100 | J138: =$AO$124 -> 22 | L138: x 100 | R138: c.3. Peer influence | AH138: Transferred in | AN138: 0 | AO138: 0 | AP138: =SUM(AN138:AO138) -> 0
E139: =$AN$120 -> 21 | J139: =$AO$120 -> 22 | R139: d. Geographic/Environmental
R140: d.1. Distance between home and school
C141: b. Average Daily Attendance = | E141: =$AI$63 -> 399 | J141: =$AI$115 -> 418 | R141: d.2. Armed conflict (incl. Tribal wars & clanfeuds) | AH141: I certify that this is a true and correct report.
E142: =$AM$118 -> 19 | J142: =$AM$118 -> 19 | R142: d.3. Calamities/Disasters
R143: e. Financial-Related | AJ143: =SF2_Default!O9 -> Mr. John Rey Tubello
C144: c. Percentage of Attendance for the month = | E144: =$AN$128 -> 21 | G144: x 100 | J144: =$AO$128 -> 22 | L144: x 100 | R144: e.1. Child labor, work | AJ144: (Signature of Class Adviser over Printed Name)
E145: =$AN$124 -> 21 | J145: =$AO$124 -> 22 | R145: f. Others (Specify)
AH146: Attested by:
AJ147: =SF2_Default!O11 -> Mrs. Lucile Ariette A. Bautista
C148: School Form 2 : Page 1 of 1 | AJ148: =SF2_Default!N11 -> School Principal

Sheet SF2_MAR
A2: School Form 2 (SF2) Daily Attendance Report of Learners
A3: (This replaces Form 1, Form 2 & STS Form 4 - Absenteeism and Dropout Profile)
G4: 1FBFCVJeD1oNUgr8CQcYAE59bhnLo5qru-QwdKVTqY24
C5: School ID | D5: =SF2_Default!G4 -> 406295 | K5: School Year | L5: =SF2_Default!Q6 -> 2026-2027 | R5: Report for the Month of | Y5: MARCH
C7: Name of School | D7: =SF2_Default!G6 -> MANILA CATHEDRAL SCHOOL | U7: Grade Level | Y7: =SF2_Default!V6 -> Grade 8 | AA7: Section | AI7: =SF2_Default!Y6 -> St. Faustina Kowalska
C9: (Last Name, First Name Middle Name) | E9: MARCH 2027 | AI9: Total for the Month | AK9: REMARKS (If DROPPED OUT, state reason, please refer to legend number 2. If TRANSFERRED IN/OUT, write the name of School.)
B10: ID NUMBER | C10: LEARNER'S NAME | E10: 1 | F10: 2 | G10: 3 | H10: 4 | I10: 5 | K10: 8 | L10: 9 | M10: 10 | N10: 11 | O10: 12 | Q10: 15 | R10: 16 | S10: 17 | T10: 18 | U10: 19 | V10: 20 | W10: 22 | X10: 23 | Y10: 24 | AC10: 29 | AD10: 30 | AE10: 31 | AI10: ABSENT | AJ10: TARDY
E11: M | F11: T | G11: W | H11: TH | I11: F | J11: S | K11: M | L11: T | M11: W | N11: TH | O11: F | P11: S | Q11: M | R11: T | S11: W | T11: TH | U11: F | V11: S | W11: M | X11: T | Y11: W | Z11: TH | AA11: F | AB11: S | AC11: M | AD11: T | AE11: W | AF11: TH | AG11: F
A12: 1 | B12: =SF2_Default!C12 -> 23-003330 | C12: =SF2_Default!D12 -> BONIFACIO LORD RANI KARL PAINAGA | AI12: =IF(ISTEXT(C12),COUNTIF(E12:AH12,"X"),"") -> 0 | AJ12: =IF(ISTEXT(C12),COUNTIF(E12:AH12,"T"),"") -> 0
A13: 2 | B13: =SF2_Default!C13 -> 25-001275 | C13: =SF2_Default!D13 -> BUCACAO JOHNREEVE KHARI ALFONSO | AI13: =IF(ISTEXT(C13),COUNTIF(E13:AH13,"X"),"") -> 0 | AJ13: =IF(ISTEXT(C13),COUNTIF(E13:AH13,"T"),"") -> 0
A14: 3 | B14: =SF2_Default!C14 -> 19-00091 | C14: =SF2_Default!D14 -> CANDELARIA JAYREN D | AI14: =IF(ISTEXT(C14),COUNTIF(E14:AH14,"X"),"") -> 0 | AJ14: =IF(ISTEXT(C14),COUNTIF(E14:AH14,"T"),"") -> 0
A15: 4 | B15: =SF2_Default!C15 -> 18-00355 | C15: =SF2_Default!D15 -> CAY ROJER JYUAN P | AI15: =IF(ISTEXT(C15),COUNTIF(E15:AH15,"X"),"") -> 0 | AJ15: =IF(ISTEXT(C15),COUNTIF(E15:AH15,"T"),"") -> 0
A16: 5 | B16: =SF2_Default!C16 -> 25-000460 | C16: =SF2_Default!D16 -> CEZAR JOHN MANUEL DE LEON | AI16: =IF(ISTEXT(C16),COUNTIF(E16:AH16,"X"),"") -> 0 | AJ16: =IF(ISTEXT(C16),COUNTIF(E16:AH16,"T"),"") -> 0
A17: 6 | B17: =SF2_Default!C17 -> 20-00075 | C17: =SF2_Default!D17 -> CONJE LEOBERT JOROS D | AI17: =IF(ISTEXT(C17),COUNTIF(E17:AH17,"X"),"") -> 0 | AJ17: =IF(ISTEXT(C17),COUNTIF(E17:AH17,"T"),"") -> 0
A18: 7 | B18: =SF2_Default!C18 -> 25-001588 | C18: =SF2_Default!D18 -> DE LEON MARCUS BRENT TITCO | AI18: =IF(ISTEXT(C18),COUNTIF(E18:AH18,"X"),"") -> 0 | AJ18: =IF(ISTEXT(C18),COUNTIF(E18:AH18,"T"),"") -> 0
A19: 8 | B19: =SF2_Default!C19 -> 19-00239 | C19: =SF2_Default!D19 -> DEL ROSARIO ROBIN DALE A | AI19: =IF(ISTEXT(C19),COUNTIF(E19:AH19,"X"),"") -> 0 | AJ19: =IF(ISTEXT(C19),COUNTIF(E19:AH19,"T"),"") -> 0
A20: 9 | B20: =SF2_Default!C20 -> 18-00100 | C20: =SF2_Default!D20 -> DIEGO DAN LEONARD Q | AI20: =IF(ISTEXT(C20),COUNTIF(E20:AH20,"X"),"") -> 0 | AJ20: =IF(ISTEXT(C20),COUNTIF(E20:AH20,"T"),"") -> 0
A21: 10 | B21: =SF2_Default!C21 -> 19-00097 | C21: =SF2_Default!D21 -> GAMBOA OLIVER FRANCOIS Z | AI21: =IF(ISTEXT(C21),COUNTIF(E21:AH21,"X"),"") -> 0 | AJ21: =IF(ISTEXT(C21),COUNTIF(E21:AH21,"T"),"") -> 0
A22: 11 | B22: =SF2_Default!C22 -> 25-000134 | C22: =SF2_Default!D22 -> GO KELLIN CHASE SAN PEDRO | AI22: =IF(ISTEXT(C22),COUNTIF(E22:AH22,"X"),"") -> 0 | AJ22: =IF(ISTEXT(C22),COUNTIF(E22:AH22,"T"),"") -> 0
A23: 12 | B23: =SF2_Default!C23 -> 25-000839 | C23: =SF2_Default!D23 -> MALINIS ANDREI JAMES PARAGATOS | AI23: =IF(ISTEXT(C23),COUNTIF(E23:AH23,"X"),"") -> 0 | AJ23: =IF(ISTEXT(C23),COUNTIF(E23:AH23,"T"),"") -> 0
... A61: 50 | B61: =SF2_Default!C61 -> 0 | C61: =SF2_Default!D61 -> 0 | AI61: =IF(ISTEXT(C61),COUNTIF(E61:AH61,"X"),"") | AJ61: =IF(ISTEXT(C61),COUNTIF(E61:AH61,"T"),"")
C62: =COUNTIF(C12:C61,"*") -> 21 | E62: =IF(ISNUMBER(E$10),COUNTIF(E12:E61,"X"),"") -> 0 | F62: =IF(ISNUMBER(F$10),COUNTIF(F12:F61,"X"),"") -> 0 | G62: =IF(ISNUMBER(G$10),COUNTIF(G12:G61,"X"),"") -> 0 | H62: =IF(ISNUMBER(H$10),COUNTIF(H12:H61,"X"),"") -> 0 | I62: =IF(ISNUMBER(I$10),COUNTIF(I12:I61,"X"),"") -> 0 | J62: =IF(ISNUMBER(J$10),COUNTIF(J12:J61,"X"),"") | K62: =IF(ISNUMBER(K$10),COUNTIF(K12:K61,"X"),"") -> 0 | L62: =IF(ISNUMBER(L$10),COUNTIF(L12:L61,"X"),"") -> 0 | ... AH62: =IF(ISNUMBER(AH$10),COUNTIF(AH12:AH61,"X"),"") | AI62: =SUM(AI12:AI61) -> 0 | AJ62: =SUM(AJ12:AJ61) -> 0
A63: MALE | TOTAL Per Day >>> | E63: =IF(ISNUMBER(E$10),$C$62-E62,"") -> 21 | F63: =IF(ISNUMBER(F$10),$C$62-F62,"") -> 21 | G63: =IF(ISNUMBER(G$10),$C$62-G62,"") -> 21 | H63: =IF(ISNUMBER(H$10),$C$62-H62,"") -> 21 | I63: =IF(ISNUMBER(I$10),$C$62-I62,"") -> 21 | J63: =IF(ISNUMBER(J$10),$C$62-J62,"") | K63: =IF(ISNUMBER(K$10),$C$62-K62,"") -> 21 | L63: =IF(ISNUMBER(L$10),$C$62-L62,"") -> 21 | ... AH63: =IF(ISNUMBER(AH$10),$C$62-AH62,"") | AI63: =SUM(E63:AH63) -> 462 | AJ63: <<< Total MALE present for the month
A64: 1 | B64: =SF2_Default!C63 -> 25-000800 | C64: =SF2_Default!D63 -> ANGELES ALLERIA JHANE TUBIANO | AI64: =IF(ISTEXT(C64),COUNTIF(E64:AH64,"X"),"") -> 0 | AJ64: =IF(ISTEXT(C64),COUNTIF(E64:AH64,"T"),"") -> 0
A65: 2 | B65: =SF2_Default!C64 -> 25-001230 | C65: =SF2_Default!D64 -> BELISARIO ELIJAH MIRIONETTE | AI65: =IF(ISTEXT(C65),COUNTIF(E65:AH65,"X"),"") -> 0 | AJ65: =IF(ISTEXT(C65),COUNTIF(E65:AH65,"T"),"") -> 0
A66: 3 | B66: =SF2_Default!C65 -> 18-003636 | C66: =SF2_Default!D65 -> BENEDICTO CASSANDRA VIELLE V | AI66: =IF(ISTEXT(C66),COUNTIF(E66:AH66,"X"),"") -> 0 | AJ66: =IF(ISTEXT(C66),COUNTIF(E66:AH66,"T"),"") -> 0
A67: 4 | B67: =SF2_Default!C66 -> 24-001215 | C67: =SF2_Default!D66 -> BONIFACIO MARY JOICE BONIFACIO | AI67: =IF(ISTEXT(C67),COUNTIF(E67:AH67,"X"),"") -> 0 | AJ67: =IF(ISTEXT(C67),COUNTIF(E67:AH67,"T"),"") -> 0
A68: 5 | B68: =SF2_Default!C67 -> 25-001589 | C68: =SF2_Default!D67 -> CABUSA KYRIE BLAIRE TENERIFE | AI68: =IF(ISTEXT(C68),COUNTIF(E68:AH68,"X"),"") -> 0 | AJ68: =IF(ISTEXT(C68),COUNTIF(E68:AH68,"T"),"") -> 0
A69: 6 | B69: =SF2_Default!C68 -> 22-000390 | C69: =SF2_Default!D68 -> DELA CRUZ BRINA MARCE GATUS | AI69: =IF(ISTEXT(C69),COUNTIF(E69:AH69,"X"),"") -> 0 | AJ69: =IF(ISTEXT(C69),COUNTIF(E69:AH69,"T"),"") -> 0
A70: 7 | B70: =SF2_Default!C69 -> 19-00080 | C70: =SF2_Default!D69 -> DELOS REYES KREEZHA CYLEE D | AI70: =IF(ISTEXT(C70),COUNTIF(E70:AH70,"X"),"") -> 0 | AJ70: =IF(ISTEXT(C70),COUNTIF(E70:AH70,"T"),"") -> 0
A71: 8 | B71: =SF2_Default!C70 -> 19-00075 | C71: =SF2_Default!D70 -> ESCOTO RICH ANNE MARY REYES | AI71: =IF(ISTEXT(C71),COUNTIF(E71:AH71,"X"),"") -> 0 | AJ71: =IF(ISTEXT(C71),COUNTIF(E71:AH71,"T"),"") -> 0
A72: 9 | B72: =SF2_Default!C71 -> 20-00037 | C72: =SF2_Default!D71 -> FORTUNO AZZURIE SOLAYMAN | AI72: =IF(ISTEXT(C72),COUNTIF(E72:AH72,"X"),"") -> 0 | AJ72: =IF(ISTEXT(C72),COUNTIF(E72:AH72,"T"),"") -> 0
A73: 10 | B73: =SF2_Default!C72 -> 25-000884 | C73: =SF2_Default!D72 -> FORTUNO JAYRA VALERIO | AI73: =IF(ISTEXT(C73),COUNTIF(E73:AH73,"X"),"") -> 0 | AJ73: =IF(ISTEXT(C73),COUNTIF(E73:AH73,"T"),"") -> 0
A74: 11 | B74: =SF2_Default!C73 -> 25-001164 | C74: =SF2_Default!D73 -> FUENTES BREEANA KLEIN ALMONIÑA | AI74: =IF(ISTEXT(C74),COUNTIF(E74:AH74,"X"),"") -> 0 | AJ74: =IF(ISTEXT(C74),COUNTIF(E74:AH74,"T"),"") -> 0
A75: 12 | B75: =SF2_Default!C74 -> 25-000191 | C75: =SF2_Default!D74 -> GABUTEN KEISZHA ANDREA ANTIOJO | AI75: =IF(ISTEXT(C75),COUNTIF(E75:AH75,"X"),"") -> 0 | AJ75: =IF(ISTEXT(C75),COUNTIF(E75:AH75,"T"),"") -> 0
... A113: 50 | B113: =SF2_Default!C112 -> 0 | C113: =SF2_Default!D112 -> 0 | AI113: =IF(ISTEXT(C113),COUNTIF(E113:AH113,"X"),"") | AJ113: =IF(ISTEXT(C113),COUNTIF(E113:AH113,"T"),"")
C114: =COUNTIF(C64:C113,"*") -> 22 | E114: =IF(ISNUMBER(E$10),COUNTIF(E64:E113,"X"),"") -> 0 | F114: =IF(ISNUMBER(F$10),COUNTIF(F64:F113,"X"),"") -> 0 | G114: =IF(ISNUMBER(G$10),COUNTIF(G64:G113,"X"),"") -> 0 | H114: =IF(ISNUMBER(H$10),COUNTIF(H64:H113,"X"),"") -> 0 | I114: =IF(ISNUMBER(I$10),COUNTIF(I64:I113,"X"),"") -> 0 | J114: =IF(ISNUMBER(J$10),COUNTIF(J64:J113,"X"),"") | K114: =IF(ISNUMBER(K$10),COUNTIF(K64:K113,"X"),"") -> 0 | L114: =IF(ISNUMBER(L$10),COUNTIF(L64:L113,"X"),"") -> 0 | ... AH114: =IF(ISNUMBER(AH$10),COUNTIF(AH64:AH113,"X"),"") | AI114: =SUM(AI64:AI113) -> 0 | AJ114: =SUM(AJ64:AJ113) -> 0
A115: FEMALE | TOTAL Per Day >>> | E115: =IF(ISNUMBER(E$10),$C$114-E114,"") -> 22 | F115: =IF(ISNUMBER(F$10),$C$114-F114,"") -> 22 | G115: =IF(ISNUMBER(G$10),$C$114-G114,"") -> 22 | H115: =IF(ISNUMBER(H$10),$C$114-H114,"") -> 22 | I115: =IF(ISNUMBER(I$10),$C$114-I114,"") -> 22 | J115: =IF(ISNUMBER(J$10),$C$114-J114,"") | K115: =IF(ISNUMBER(K$10),$C$114-K114,"") -> 22 | L115: =IF(ISNUMBER(L$10),$C$114-L114,"") -> 22 | ... AH115: =IF(ISNUMBER(AH$10),$C$114-AH114,"") | AI115: =SUM(E115:AH115) -> 484 | AJ115: <<< Total FEMALE present for the month
A116: Combined TOTAL PER DAY | E116: =IF(ISNUMBER(E$10),E63+E115,"") -> 43 | F116: =IF(ISNUMBER(F$10),F63+F115,"") -> 43 | G116: =IF(ISNUMBER(G$10),G63+G115,"") -> 43 | H116: =IF(ISNUMBER(H$10),H63+H115,"") -> 43 | I116: =IF(ISNUMBER(I$10),I63+I115,"") -> 43 | J116: =IF(ISNUMBER(J$10),J63+J115,"") | K116: =IF(ISNUMBER(K$10),K63+K115,"") -> 43 | L116: =IF(ISNUMBER(L$10),L63+L115,"") -> 43 | ... AH116: =IF(ISNUMBER(AH$10),AH63+AH115,"") | AI116: =AI63+AI115 -> 946 | AJ116: <<< COMBINED total present for the month
C117: FOOTER
A118: GUIDELINES: | R118: 1. CODES FOR CHECKING ATTENDANCE | AH118: Month: | AK118: No. of Days of Classes: | AM118: =COUNTIF(E10:AH10,">0") -> 22 | AN118: Summary
A119: 1. The attendance shall be accomplished daily. Refer to the codes for checking learners' attendance. | R119: (blank) - Present; (X) - Absent; (T)- Tardy | AH119: =Y5 -> MARCH | AN119: M | AO119: F | AP119: TOTAL
A120: 2. Dates shall be written in the columns after Learner's Name. | AH120: * Enrolment as of (1st Friday of June) | AN120: =SF2_Default!H11 -> 21 | AO120: =SF2_Default!J11 -> 22 | AP120: =SUM(AN120:AO120) -> 43
A121: 3. To compute the following: | R121: 2. REASONS/CAUSES FOR DROPPING OUT
A122: a. | C122: Percentage of Enrolment = | E122: Registered Learners as of end of the month | O122: x 100 | R122: a. Domestic-Related Factors | AH122: Late Enrollment during the month (beyond cut-off) | AN122: 0 | AO122: 0 | AP122: =SUM(AN122:AO122) -> 0
E123: Enrolment as of 1st Friday of the school year | R123: a.1. Had to take care of siblings
A124: b. | C124: Average Daily Attendance = | E124: Total Daily Attendance | R124: a.2. Early marriage/pregnancy | AH124: Registered Learners as of end of the month | AN124: =$C$62 -> 21 | AO124: =$C$114 -> 22 | AP124: =SUM(AN124:AO124) -> 43
E125: Number of School Days in reporting month | R125: a.3. Parents' attitude toward schooling
A126: c. | C126: Percentage of Attendance for the month = | E126: Average daily attendance | O126: x 100 | R126: a.4. Family problems | AH126: Percentage of Enrolment as of end of the month | AN126: =IF(ISNUMBER(AN120),AN124/AN120,"") -> 1 | AO126: =IF(ISNUMBER(AO120),AO124/AO120,"") -> 1 | AP126: =IF(AP120>0,AP124/AP120,"") -> 1
E127: Registered Learners as of end of the month | R127: b. Individual-Related Factors
R128: b.1. Illness | AH128: Average Daily Attendance | AN128: =ROUND($AI$63/$AM$118,2) -> 21 | AO128: =ROUND($AI$115/$AM$118,2) -> 22 | AP128: =ROUND(SUM(AN128:AO128),2) -> 43
A129: 4. Every end of the month, the class adviser will submit this form to the office of the principal for recording of summary table into School Form 4. Once signed by the principal, this form should be returned to the adviser. | R129: b.2. Overage
R130: b.3. Death | AH130: Percentage of Attendance for the month | AN130: =AN128/AN124 -> 1 | AO130: =AO128/AO124 -> 1 | AP130: =AVERAGE(AN130:AO131) -> 1
A131: 5. The adviser will provide neccessary interventions including but not limited to home visitation to learner/s who were absent for 5 consecutive days and/or those at risk of dropping out. | R131: b.4. Drug Abuse
R132: b.5. Poor academic performance | AH132: Number of students absent for 5 consecutive days | AN132: 0 | AO132: 0 | AP132: =SUM(AN132:AO132) -> 0
A133: 6. Attendance performance of learners will be reflected in Form 137 and Form 138 every grading period. | R133: b.6. Lack of interest/Distractions
A134: * | C134: Beginning of School Year cut-off report is every 1st Friday of the School Year | R134: b.7. Hunger/Malnutrition | AH134: Drop out | AN134: 0 | AO134: 0 | AP134: =SUM(AN134:AO134) -> 0
R135: c. School-Related Factors
C136: Computations: | R136: c.1. Teacher Factor | AH136: Transferred out | AN136: 0 | AO136: 0 | AP136: =SUM(AN136:AO136) -> 0
E137: MALE | J137: FEMALE | R137: c.2. Physical condition of classroom
C138: a. Percentage of Enrolment = | E138: =$AN$124 -> 21 | G138: x 100 | J138: =$AO$124 -> 22 | L138: x 100 | R138: c.3. Peer influence | AH138: Transferred in | AN138: 0 | AO138: 0 | AP138: =SUM(AN138:AO138) -> 0
E139: =$AN$120 -> 21 | J139: =$AO$120 -> 22 | R139: d. Geographic/Environmental
R140: d.1. Distance between home and school
C141: b. Average Daily Attendance = | E141: =$AI$63 -> 462 | J141: =$AI$115 -> 484 | R141: d.2. Armed conflict (incl. Tribal wars & clanfeuds) | AH141: I certify that this is a true and correct report.
E142: =$AM$118 -> 22 | J142: =$AM$118 -> 22 | R142: d.3. Calamities/Disasters
R143: e. Financial-Related | AJ143: =SF2_Default!O9 -> Mr. John Rey Tubello
C144: c. Percentage of Attendance for the month = | E144: =$AN$128 -> 21 | G144: x 100 | J144: =$AO$128 -> 22 | L144: x 100 | R144: e.1. Child labor, work | AJ144: (Signature of Class Adviser over Printed Name)
E145: =$AN$124 -> 21 | J145: =$AO$124 -> 22 | R145: f. Others (Specify)
AH146: Attested by:
AJ147: =SF2_Default!O11 -> Mrs. Lucile Ariette A. Bautista
C148: School Form 2 : Page 1 of 1 | AJ148: =SF2_Default!N11 -> School Principal

Sheet SF2_APR
A2: School Form 2 (SF2) Daily Attendance Report of Learners
A3: (This replaces Form 1, Form 2 & STS Form 4 - Absenteeism and Dropout Profile)
G4: 1FBFCVJeD1oNUgr8CQcYAE59bhnLo5qru-QwdKVTqY24
C5: School ID | D5: =SF2_Default!G4 -> 406295 | K5: School Year | L5: =SF2_Default!Q6 -> 2026-2027 | R5: Report for the Month of | Y5: APRIL
C7: Name of School | D7: =SF2_Default!G6 -> MANILA CATHEDRAL SCHOOL | U7: Grade Level | Y7: =SF2_Default!V6 -> Grade 8 | AA7: Section | AI7: =SF2_Default!Y6 -> St. Faustina Kowalska
C9: (Last Name, First Name Middle Name) | E9: APRIL 2027 | AI9: Total for the Month | AK9: REMARKS (If DROPPED OUT, state reason, please refer to legend number 2. If TRANSFERRED IN/OUT, write the name of School.)
B10: ID NUMBER | C10: LEARNER'S NAME | H10: 1 | I10: 2 | J10: 3 | K10: 5 | L10: 6 | M10: 7 | N10: 8 | AI10: ABSENT | AJ10: TARDY
E11: M | F11: T | G11: W | H11: TH | I11: F | J11: S | K11: M | L11: T | M11: W | N11: TH | O11: F | P11: S | Q11: M | R11: T | S11: W | T11: TH | U11: F | V11: S | W11: M | X11: T | Y11: W | Z11: TH | AA11: F | AB11: S | AC11: M | AD11: T | AE11: W | AF11: TH | AG11: F
A12: 1 | B12: =SF2_Default!C12 -> 23-003330 | C12: =SF2_Default!D12 -> BONIFACIO LORD RANI KARL PAINAGA | AI12: =IF(ISTEXT(C12),COUNTIF(E12:AH12,"X"),"") -> 0 | AJ12: =IF(ISTEXT(C12),COUNTIF(E12:AH12,"T"),"") -> 0
A13: 2 | B13: =SF2_Default!C13 -> 25-001275 | C13: =SF2_Default!D13 -> BUCACAO JOHNREEVE KHARI ALFONSO | AI13: =IF(ISTEXT(C13),COUNTIF(E13:AH13,"X"),"") -> 0 | AJ13: =IF(ISTEXT(C13),COUNTIF(E13:AH13,"T"),"") -> 0
A14: 3 | B14: =SF2_Default!C14 -> 19-00091 | C14: =SF2_Default!D14 -> CANDELARIA JAYREN D | AI14: =IF(ISTEXT(C14),COUNTIF(E14:AH14,"X"),"") -> 0 | AJ14: =IF(ISTEXT(C14),COUNTIF(E14:AH14,"T"),"") -> 0
A15: 4 | B15: =SF2_Default!C15 -> 18-00355 | C15: =SF2_Default!D15 -> CAY ROJER JYUAN P | AI15: =IF(ISTEXT(C15),COUNTIF(E15:AH15,"X"),"") -> 0 | AJ15: =IF(ISTEXT(C15),COUNTIF(E15:AH15,"T"),"") -> 0
A16: 5 | B16: =SF2_Default!C16 -> 25-000460 | C16: =SF2_Default!D16 -> CEZAR JOHN MANUEL DE LEON | AI16: =IF(ISTEXT(C16),COUNTIF(E16:AH16,"X"),"") -> 0 | AJ16: =IF(ISTEXT(C16),COUNTIF(E16:AH16,"T"),"") -> 0
A17: 6 | B17: =SF2_Default!C17 -> 20-00075 | C17: =SF2_Default!D17 -> CONJE LEOBERT JOROS D | AI17: =IF(ISTEXT(C17),COUNTIF(E17:AH17,"X"),"") -> 0 | AJ17: =IF(ISTEXT(C17),COUNTIF(E17:AH17,"T"),"") -> 0
A18: 7 | B18: =SF2_Default!C18 -> 25-001588 | C18: =SF2_Default!D18 -> DE LEON MARCUS BRENT TITCO | AI18: =IF(ISTEXT(C18),COUNTIF(E18:AH18,"X"),"") -> 0 | AJ18: =IF(ISTEXT(C18),COUNTIF(E18:AH18,"T"),"") -> 0
A19: 8 | B19: =SF2_Default!C19 -> 19-00239 | C19: =SF2_Default!D19 -> DEL ROSARIO ROBIN DALE A | AI19: =IF(ISTEXT(C19),COUNTIF(E19:AH19,"X"),"") -> 0 | AJ19: =IF(ISTEXT(C19),COUNTIF(E19:AH19,"T"),"") -> 0
A20: 9 | B20: =SF2_Default!C20 -> 18-00100 | C20: =SF2_Default!D20 -> DIEGO DAN LEONARD Q | AI20: =IF(ISTEXT(C20),COUNTIF(E20:AH20,"X"),"") -> 0 | AJ20: =IF(ISTEXT(C20),COUNTIF(E20:AH20,"T"),"") -> 0
A21: 10 | B21: =SF2_Default!C21 -> 19-00097 | C21: =SF2_Default!D21 -> GAMBOA OLIVER FRANCOIS Z | AI21: =IF(ISTEXT(C21),COUNTIF(E21:AH21,"X"),"") -> 0 | AJ21: =IF(ISTEXT(C21),COUNTIF(E21:AH21,"T"),"") -> 0
A22: 11 | B22: =SF2_Default!C22 -> 25-000134 | C22: =SF2_Default!D22 -> GO KELLIN CHASE SAN PEDRO | AI22: =IF(ISTEXT(C22),COUNTIF(E22:AH22,"X"),"") -> 0 | AJ22: =IF(ISTEXT(C22),COUNTIF(E22:AH22,"T"),"") -> 0
A23: 12 | B23: =SF2_Default!C23 -> 25-000839 | C23: =SF2_Default!D23 -> MALINIS ANDREI JAMES PARAGATOS | AI23: =IF(ISTEXT(C23),COUNTIF(E23:AH23,"X"),"") -> 0 | AJ23: =IF(ISTEXT(C23),COUNTIF(E23:AH23,"T"),"") -> 0
... A61: 50 | B61: =SF2_Default!C61 -> 0 | C61: =SF2_Default!D61 -> 0 | AI61: =IF(ISTEXT(C61),COUNTIF(E61:AH61,"X"),"") | AJ61: =IF(ISTEXT(C61),COUNTIF(E61:AH61,"T"),"")
C62: =COUNTIF(C12:C61,"*") -> 21 | E62: =IF(ISNUMBER(E$10),COUNTIF(E12:E61,"X"),"") | F62: =IF(ISNUMBER(F$10),COUNTIF(F12:F61,"X"),"") | G62: =IF(ISNUMBER(G$10),COUNTIF(G12:G61,"X"),"") | H62: =IF(ISNUMBER(H$10),COUNTIF(H12:H61,"X"),"") -> 0 | I62: =IF(ISNUMBER(I$10),COUNTIF(I12:I61,"X"),"") -> 0 | J62: =IF(ISNUMBER(J$10),COUNTIF(J12:J61,"X"),"") -> 0 | K62: =IF(ISNUMBER(K$10),COUNTIF(K12:K61,"X"),"") -> 0 | L62: =IF(ISNUMBER(L$10),COUNTIF(L12:L61,"X"),"") -> 0 | ... AH62: =IF(ISNUMBER(AH$10),COUNTIF(AH12:AH61,"X"),"") | AI62: =SUM(AI12:AI61) -> 0 | AJ62: =SUM(AJ12:AJ61) -> 0
A63: MALE | TOTAL Per Day >>> | E63: =IF(ISNUMBER(E$10),$C$62-E62,"") | F63: =IF(ISNUMBER(F$10),$C$62-F62,"") | G63: =IF(ISNUMBER(G$10),$C$62-G62,"") | H63: =IF(ISNUMBER(H$10),$C$62-H62,"") -> 21 | I63: =IF(ISNUMBER(I$10),$C$62-I62,"") -> 21 | J63: =IF(ISNUMBER(J$10),$C$62-J62,"") -> 21 | K63: =IF(ISNUMBER(K$10),$C$62-K62,"") -> 21 | L63: =IF(ISNUMBER(L$10),$C$62-L62,"") -> 21 | ... AH63: =IF(ISNUMBER(AH$10),$C$62-AH62,"") | AI63: =SUM(E63:AH63) -> 147 | AJ63: <<< Total MALE present for the month
A64: 1 | B64: =SF2_Default!C63 -> 25-000800 | C64: =SF2_Default!D63 -> ANGELES ALLERIA JHANE TUBIANO | AI64: =IF(ISTEXT(C64),COUNTIF(E64:AH64,"X"),"") -> 0 | AJ64: =IF(ISTEXT(C64),COUNTIF(E64:AH64,"T"),"") -> 0
A65: 2 | B65: =SF2_Default!C64 -> 25-001230 | C65: =SF2_Default!D64 -> BELISARIO ELIJAH MIRIONETTE | AI65: =IF(ISTEXT(C65),COUNTIF(E65:AH65,"X"),"") -> 0 | AJ65: =IF(ISTEXT(C65),COUNTIF(E65:AH65,"T"),"") -> 0
A66: 3 | B66: =SF2_Default!C65 -> 18-003636 | C66: =SF2_Default!D65 -> BENEDICTO CASSANDRA VIELLE V | AI66: =IF(ISTEXT(C66),COUNTIF(E66:AH66,"X"),"") -> 0 | AJ66: =IF(ISTEXT(C66),COUNTIF(E66:AH66,"T"),"") -> 0
A67: 4 | B67: =SF2_Default!C66 -> 24-001215 | C67: =SF2_Default!D66 -> BONIFACIO MARY JOICE BONIFACIO | AI67: =IF(ISTEXT(C67),COUNTIF(E67:AH67,"X"),"") -> 0 | AJ67: =IF(ISTEXT(C67),COUNTIF(E67:AH67,"T"),"") -> 0
A68: 5 | B68: =SF2_Default!C67 -> 25-001589 | C68: =SF2_Default!D67 -> CABUSA KYRIE BLAIRE TENERIFE | AI68: =IF(ISTEXT(C68),COUNTIF(E68:AH68,"X"),"") -> 0 | AJ68: =IF(ISTEXT(C68),COUNTIF(E68:AH68,"T"),"") -> 0
A69: 6 | B69: =SF2_Default!C68 -> 22-000390 | C69: =SF2_Default!D68 -> DELA CRUZ BRINA MARCE GATUS | AI69: =IF(ISTEXT(C69),COUNTIF(E69:AH69,"X"),"") -> 0 | AJ69: =IF(ISTEXT(C69),COUNTIF(E69:AH69,"T"),"") -> 0
A70: 7 | B70: =SF2_Default!C69 -> 19-00080 | C70: =SF2_Default!D69 -> DELOS REYES KREEZHA CYLEE D | AI70: =IF(ISTEXT(C70),COUNTIF(E70:AH70,"X"),"") -> 0 | AJ70: =IF(ISTEXT(C70),COUNTIF(E70:AH70,"T"),"") -> 0
A71: 8 | B71: =SF2_Default!C70 -> 19-00075 | C71: =SF2_Default!D70 -> ESCOTO RICH ANNE MARY REYES | AI71: =IF(ISTEXT(C71),COUNTIF(E71:AH71,"X"),"") -> 0 | AJ71: =IF(ISTEXT(C71),COUNTIF(E71:AH71,"T"),"") -> 0
A72: 9 | B72: =SF2_Default!C71 -> 20-00037 | C72: =SF2_Default!D71 -> FORTUNO AZZURIE SOLAYMAN | AI72: =IF(ISTEXT(C72),COUNTIF(E72:AH72,"X"),"") -> 0 | AJ72: =IF(ISTEXT(C72),COUNTIF(E72:AH72,"T"),"") -> 0
A73: 10 | B73: =SF2_Default!C72 -> 25-000884 | C73: =SF2_Default!D72 -> FORTUNO JAYRA VALERIO | AI73: =IF(ISTEXT(C73),COUNTIF(E73:AH73,"X"),"") -> 0 | AJ73: =IF(ISTEXT(C73),COUNTIF(E73:AH73,"T"),"") -> 0
A74: 11 | B74: =SF2_Default!C73 -> 25-001164 | C74: =SF2_Default!D73 -> FUENTES BREEANA KLEIN ALMONIÑA | AI74: =IF(ISTEXT(C74),COUNTIF(E74:AH74,"X"),"") -> 0 | AJ74: =IF(ISTEXT(C74),COUNTIF(E74:AH74,"T"),"") -> 0
A75: 12 | B75: =SF2_Default!C74 -> 25-000191 | C75: =SF2_Default!D74 -> GABUTEN KEISZHA ANDREA ANTIOJO | AI75: =IF(ISTEXT(C75),COUNTIF(E75:AH75,"X"),"") -> 0 | AJ75: =IF(ISTEXT(C75),COUNTIF(E75:AH75,"T"),"") -> 0
... A113: 50 | B113: =SF2_Default!C112 -> 0 | C113: =SF2_Default!D112 -> 0 | AI113: =IF(ISTEXT(C113),COUNTIF(E113:AH113,"X"),"") | AJ113: =IF(ISTEXT(C113),COUNTIF(E113:AH113,"T"),"")
C114: =COUNTIF(C64:C113,"*") -> 22 | E114: =IF(ISNUMBER(E$10),COUNTIF(E64:E113,"X"),"") | F114: =IF(ISNUMBER(F$10),COUNTIF(F64:F113,"X"),"") | G114: =IF(ISNUMBER(G$10),COUNTIF(G64:G113,"X"),"") | H114: =IF(ISNUMBER(H$10),COUNTIF(H64:H113,"X"),"") -> 0 | I114: =IF(ISNUMBER(I$10),COUNTIF(I64:I113,"X"),"") -> 0 | J114: =IF(ISNUMBER(J$10),COUNTIF(J64:J113,"X"),"") -> 0 | K114: =IF(ISNUMBER(K$10),COUNTIF(K64:K113,"X"),"") -> 0 | L114: =IF(ISNUMBER(L$10),COUNTIF(L64:L113,"X"),"") -> 0 | ... AH114: =IF(ISNUMBER(AH$10),COUNTIF(AH64:AH113,"X"),"") | AI114: =SUM(AI64:AI113) -> 0 | AJ114: =SUM(AJ64:AJ113) -> 0
A115: FEMALE | TOTAL Per Day >>> | E115: =IF(ISNUMBER(E$10),$C$114-E114,"") | F115: =IF(ISNUMBER(F$10),$C$114-F114,"") | G115: =IF(ISNUMBER(G$10),$C$114-G114,"") | H115: =IF(ISNUMBER(H$10),$C$114-H114,"") -> 22 | I115: =IF(ISNUMBER(I$10),$C$114-I114,"") -> 22 | J115: =IF(ISNUMBER(J$10),$C$114-J114,"") -> 22 | K115: =IF(ISNUMBER(K$10),$C$114-K114,"") -> 22 | L115: =IF(ISNUMBER(L$10),$C$114-L114,"") -> 22 | ... AH115: =IF(ISNUMBER(AH$10),$C$114-AH114,"") | AI115: =SUM(E115:AH115) -> 154 | AJ115: <<< Total FEMALE present for the month
A116: Combined TOTAL PER DAY | E116: =IF(ISNUMBER(E$10),E63+E115,"") | F116: =IF(ISNUMBER(F$10),F63+F115,"") | G116: =IF(ISNUMBER(G$10),G63+G115,"") | H116: =IF(ISNUMBER(H$10),H63+H115,"") -> 43 | I116: =IF(ISNUMBER(I$10),I63+I115,"") -> 43 | J116: =IF(ISNUMBER(J$10),J63+J115,"") -> 43 | K116: =IF(ISNUMBER(K$10),K63+K115,"") -> 43 | L116: =IF(ISNUMBER(L$10),L63+L115,"") -> 43 | ... AH116: =IF(ISNUMBER(AH$10),AH63+AH115,"") | AI116: =AI63+AI115 -> 301 | AJ116: <<< COMBINED total present for the month
C117: FOOTER
A118: GUIDELINES: | R118: 1. CODES FOR CHECKING ATTENDANCE | AH118: Month: | AK118: No. of Days of Classes: | AM118: =COUNTIF(E10:AH10,">0") -> 7 | AN118: Summary
A119: 1. The attendance shall be accomplished daily. Refer to the codes for checking learners' attendance. | R119: (blank) - Present; (X) - Absent; (T)- Tardy | AH119: =Y5 -> APRIL | AN119: M | AO119: F | AP119: TOTAL
A120: 2. Dates shall be written in the columns after Learner's Name. | AH120: * Enrolment as of (1st Friday of June) | AN120: =SF2_Default!H11 -> 21 | AO120: =SF2_Default!J11 -> 22 | AP120: =SUM(AN120:AO120) -> 43
A121: 3. To compute the following: | R121: 2. REASONS/CAUSES FOR DROPPING OUT
A122: a. | C122: Percentage of Enrolment = | E122: Registered Learners as of end of the month | O122: x 100 | R122: a. Domestic-Related Factors | AH122: Late Enrollment during the month (beyond cut-off) | AN122: 0 | AO122: 0 | AP122: =SUM(AN122:AO122) -> 0
E123: Enrolment as of 1st Friday of the school year | R123: a.1. Had to take care of siblings
A124: b. | C124: Average Daily Attendance = | E124: Total Daily Attendance | R124: a.2. Early marriage/pregnancy | AH124: Registered Learners as of end of the month | AN124: =$C$62 -> 21 | AO124: =$C$114 -> 22 | AP124: =SUM(AN124:AO124) -> 43
E125: Number of School Days in reporting month | R125: a.3. Parents' attitude toward schooling
A126: c. | C126: Percentage of Attendance for the month = | E126: Average daily attendance | O126: x 100 | R126: a.4. Family problems | AH126: Percentage of Enrolment as of end of the month | AN126: =IF(ISNUMBER(AN120),AN124/AN120,"") -> 1 | AO126: =IF(ISNUMBER(AO120),AO124/AO120,"") -> 1 | AP126: =IF(AP120>0,AP124/AP120,"") -> 1
E127: Registered Learners as of end of the month | R127: b. Individual-Related Factors
R128: b.1. Illness | AH128: Average Daily Attendance | AN128: =ROUND($AI$63/$AM$118,2) -> 21 | AO128: =ROUND($AI$115/$AM$118,2) -> 22 | AP128: =ROUND(SUM(AN128:AO128),2) -> 43
A129: 4. Every end of the month, the class adviser will submit this form to the office of the principal for recording of summary table into School Form 4. Once signed by the principal, this form should be returned to the adviser. | R129: b.2. Overage
R130: b.3. Death | AH130: Percentage of Attendance for the month | AN130: =AN128/AN124 -> 1 | AO130: =AO128/AO124 -> 1 | AP130: =AVERAGE(AN130:AO131) -> 1
A131: 5. The adviser will provide neccessary interventions including but not limited to home visitation to learner/s who were absent for 5 consecutive days and/or those at risk of dropping out. | R131: b.4. Drug Abuse
R132: b.5. Poor academic performance | AH132: Number of students absent for 5 consecutive days | AN132: 0 | AO132: 0 | AP132: =SUM(AN132:AO132) -> 0
A133: 6. Attendance performance of learners will be reflected in Form 137 and Form 138 every grading period. | R133: b.6. Lack of interest/Distractions
A134: * | C134: Beginning of School Year cut-off report is every 1st Friday of the School Year | R134: b.7. Hunger/Malnutrition | AH134: Drop out | AN134: 0 | AO134: 0 | AP134: =SUM(AN134:AO134) -> 0
R135: c. School-Related Factors
C136: Computations: | R136: c.1. Teacher Factor | AH136: Transferred out | AN136: 0 | AO136: 0 | AP136: =SUM(AN136:AO136) -> 0
E137: MALE | J137: FEMALE | R137: c.2. Physical condition of classroom
C138: a. Percentage of Enrolment = | E138: =$AN$124 -> 21 | G138: x 100 | J138: =$AO$124 -> 22 | L138: x 100 | R138: c.3. Peer influence | AH138: Transferred in | AN138: 0 | AO138: 0 | AP138: =SUM(AN138:AO138) -> 0
E139: =$AN$120 -> 21 | J139: =$AO$120 -> 22 | R139: d. Geographic/Environmental
R140: d.1. Distance between home and school
C141: b. Average Daily Attendance = | E141: =$AI$63 -> 147 | J141: =$AI$115 -> 154 | R141: d.2. Armed conflict (incl. Tribal wars & clanfeuds) | AH141: I certify that this is a true and correct report.
E142: =$AM$118 -> 7 | J142: =$AM$118 -> 7 | R142: d.3. Calamities/Disasters
R143: e. Financial-Related | AJ143: =SF2_Default!O9 -> Mr. John Rey Tubello
C144: c. Percentage of Attendance for the month = | E144: =$AN$128 -> 21 | G144: x 100 | J144: =$AO$128 -> 22 | L144: x 100 | R144: e.1. Child labor, work | AJ144: (Signature of Class Adviser over Printed Name)
E145: =$AN$124 -> 21 | J145: =$AO$124 -> 22 | R145: f. Others (Specify)
AH146: Attested by:
AJ147: =SF2_Default!O11 -> Mrs. Lucile Ariette A. Bautista
C148: School Form 2 : Page 1 of 1 | AJ148: =SF2_Default!N11 -> School Principal

Sheet SF2_MAY
A2: School Form 2 (SF2) Daily Attendance Report of Learners
A3: (This replaces Form 1, Form 2 & STS Form 4 - Absenteeism and Dropout Profile)
G4: 1FBFCVJeD1oNUgr8CQcYAE59bhnLo5qru-QwdKVTqY24
C5: School ID | D5: =SF2_Default!G4 -> 406295 | K5: School Year | L5: =SF2_Default!Q6 -> 2026-2027 | R5: Report for the Month of | Y5: MAY
C7: Name of School | D7: =SF2_Default!G6 -> MANILA CATHEDRAL SCHOOL | U7: Grade Level | Y7: =SF2_Default!V6 -> Grade 8 | AA7: Section | AI7: =SF2_Default!Y6 -> St. Faustina Kowalska
C9: (Last Name, First Name Middle Name) | E9: MAY 2024 | AI9: Total for the Month | AK9: REMARKS (If DROPPED OUT, state reason, please refer to legend number 2. If TRANSFERRED IN/OUT, write the name of School.)
B10: ID NUMBER | C10: LEARNER'S NAME | H10: 2 | I10: 3 | K10: 6 | L10: 7 | M10: 8 | N10: 9 | O10: 10 | P10: 11 | Q10: 13 | R10: 14 | S10: 15 | T10: 16 | U10: 17 | V10: 18 | W10: 20 | X10: 21 | Y10: 22 | Z10: 23 | AA10: 24 | AB10: 25 | AC10: 27 | AD10: 28 | AE10: 29 | AF10: 30 | AG10: 31 | AI10: ABSENT | AJ10: TARDY
E11: M | F11: T | G11: W | H11: TH | I11: F | J11: S | K11: M | L11: T | M11: W | N11: TH | O11: F | P11: S | Q11: M | R11: T | S11: W | T11: TH | U11: F | V11: S | W11: M | X11: T | Y11: W | Z11: TH | AA11: F | AB11: S | AC11: M | AD11: T | AE11: W | AF11: TH | AG11: F
A12: 1 | B12: =SF2_Default!C12 -> 23-003330 | C12: =SF2_Default!D12 -> BONIFACIO LORD RANI KARL PAINAGA | AI12: =IF(ISTEXT(C12),COUNTIF(E12:AH12,"X"),"") -> 0 | AJ12: =IF(ISTEXT(C12),COUNTIF(E12:AH12,"T"),"") -> 0
A13: 2 | B13: =SF2_Default!C13 -> 25-001275 | C13: =SF2_Default!D13 -> BUCACAO JOHNREEVE KHARI ALFONSO | AI13: =IF(ISTEXT(C13),COUNTIF(E13:AH13,"X"),"") -> 0 | AJ13: =IF(ISTEXT(C13),COUNTIF(E13:AH13,"T"),"") -> 0
A14: 3 | B14: =SF2_Default!C14 -> 19-00091 | C14: =SF2_Default!D14 -> CANDELARIA JAYREN D | AI14: =IF(ISTEXT(C14),COUNTIF(E14:AH14,"X"),"") -> 0 | AJ14: =IF(ISTEXT(C14),COUNTIF(E14:AH14,"T"),"") -> 0
A15: 4 | B15: =SF2_Default!C15 -> 18-00355 | C15: =SF2_Default!D15 -> CAY ROJER JYUAN P | AI15: =IF(ISTEXT(C15),COUNTIF(E15:AH15,"X"),"") -> 0 | AJ15: =IF(ISTEXT(C15),COUNTIF(E15:AH15,"T"),"") -> 0
A16: 5 | B16: =SF2_Default!C16 -> 25-000460 | C16: =SF2_Default!D16 -> CEZAR JOHN MANUEL DE LEON | AI16: =IF(ISTEXT(C16),COUNTIF(E16:AH16,"X"),"") -> 0 | AJ16: =IF(ISTEXT(C16),COUNTIF(E16:AH16,"T"),"") -> 0
A17: 6 | B17: =SF2_Default!C17 -> 20-00075 | C17: =SF2_Default!D17 -> CONJE LEOBERT JOROS D | AI17: =IF(ISTEXT(C17),COUNTIF(E17:AH17,"X"),"") -> 0 | AJ17: =IF(ISTEXT(C17),COUNTIF(E17:AH17,"T"),"") -> 0
A18: 7 | B18: =SF2_Default!C18 -> 25-001588 | C18: =SF2_Default!D18 -> DE LEON MARCUS BRENT TITCO | AI18: =IF(ISTEXT(C18),COUNTIF(E18:AH18,"X"),"") -> 0 | AJ18: =IF(ISTEXT(C18),COUNTIF(E18:AH18,"T"),"") -> 0
A19: 8 | B19: =SF2_Default!C19 -> 19-00239 | C19: =SF2_Default!D19 -> DEL ROSARIO ROBIN DALE A | AI19: =IF(ISTEXT(C19),COUNTIF(E19:AH19,"X"),"") -> 0 | AJ19: =IF(ISTEXT(C19),COUNTIF(E19:AH19,"T"),"") -> 0
A20: 9 | B20: =SF2_Default!C20 -> 18-00100 | C20: =SF2_Default!D20 -> DIEGO DAN LEONARD Q | AI20: =IF(ISTEXT(C20),COUNTIF(E20:AH20,"X"),"") -> 0 | AJ20: =IF(ISTEXT(C20),COUNTIF(E20:AH20,"T"),"") -> 0
A21: 10 | B21: =SF2_Default!C21 -> 19-00097 | C21: =SF2_Default!D21 -> GAMBOA OLIVER FRANCOIS Z | AI21: =IF(ISTEXT(C21),COUNTIF(E21:AH21,"X"),"") -> 0 | AJ21: =IF(ISTEXT(C21),COUNTIF(E21:AH21,"T"),"") -> 0
A22: 11 | B22: =SF2_Default!C22 -> 25-000134 | C22: =SF2_Default!D22 -> GO KELLIN CHASE SAN PEDRO | AI22: =IF(ISTEXT(C22),COUNTIF(E22:AH22,"X"),"") -> 0 | AJ22: =IF(ISTEXT(C22),COUNTIF(E22:AH22,"T"),"") -> 0
A23: 12 | B23: =SF2_Default!C23 -> 25-000839 | C23: =SF2_Default!D23 -> MALINIS ANDREI JAMES PARAGATOS | AI23: =IF(ISTEXT(C23),COUNTIF(E23:AH23,"X"),"") -> 0 | AJ23: =IF(ISTEXT(C23),COUNTIF(E23:AH23,"T"),"") -> 0
... A61: 50 | B61: =SF2_Default!C61 -> 0 | C61: =SF2_Default!D61 -> 0 | AI61: =IF(ISTEXT(C61),COUNTIF(E61:AH61,"X"),"") | AJ61: =IF(ISTEXT(C61),COUNTIF(E61:AH61,"T"),"")
C62: =COUNTIF(C12:C61,"*") -> 21 | E62: =IF(ISNUMBER(E$10),COUNTIF(E12:E61,"X"),"") | F62: =IF(ISNUMBER(F$10),COUNTIF(F12:F61,"X"),"") | G62: =IF(ISNUMBER(G$10),COUNTIF(G12:G61,"X"),"") | H62: =IF(ISNUMBER(H$10),COUNTIF(H12:H61,"X"),"") -> 0 | I62: =IF(ISNUMBER(I$10),COUNTIF(I12:I61,"X"),"") -> 0 | J62: =IF(ISNUMBER(J$10),COUNTIF(J12:J61,"X"),"") | K62: =IF(ISNUMBER(K$10),COUNTIF(K12:K61,"X"),"") -> 0 | L62: =IF(ISNUMBER(L$10),COUNTIF(L12:L61,"X"),"") -> 0 | ... AH62: =IF(ISNUMBER(AH$10),COUNTIF(AH12:AH61,"X"),"") | AI62: =SUM(AI12:AI61) -> 0 | AJ62: =SUM(AJ12:AJ61) -> 0
A63: MALE | TOTAL Per Day >>> | E63: =IF(ISNUMBER(E$10),$C$62-E62,"") | F63: =IF(ISNUMBER(F$10),$C$62-F62,"") | G63: =IF(ISNUMBER(G$10),$C$62-G62,"") | H63: =IF(ISNUMBER(H$10),$C$62-H62,"") -> 21 | I63: =IF(ISNUMBER(I$10),$C$62-I62,"") -> 21 | J63: =IF(ISNUMBER(J$10),$C$62-J62,"") | K63: =IF(ISNUMBER(K$10),$C$62-K62,"") -> 21 | L63: =IF(ISNUMBER(L$10),$C$62-L62,"") -> 21 | ... AH63: =IF(ISNUMBER(AH$10),$C$62-AH62,"") | AI63: =SUM(E63:AH63) -> 525 | AJ63: <<< Total MALE present for the month
A64: 1 | B64: =SF2_Default!C63 -> 25-000800 | C64: =SF2_Default!D63 -> ANGELES ALLERIA JHANE TUBIANO | AI64: =IF(ISTEXT(C64),COUNTIF(E64:AH64,"X"),"") -> 0 | AJ64: =IF(ISTEXT(C64),COUNTIF(E64:AH64,"T"),"") -> 0
A65: 2 | B65: =SF2_Default!C64 -> 25-001230 | C65: =SF2_Default!D64 -> BELISARIO ELIJAH MIRIONETTE | AI65: =IF(ISTEXT(C65),COUNTIF(E65:AH65,"X"),"") -> 0 | AJ65: =IF(ISTEXT(C65),COUNTIF(E65:AH65,"T"),"") -> 0
A66: 3 | B66: =SF2_Default!C65 -> 18-003636 | C66: =SF2_Default!D65 -> BENEDICTO CASSANDRA VIELLE V | AI66: =IF(ISTEXT(C66),COUNTIF(E66:AH66,"X"),"") -> 0 | AJ66: =IF(ISTEXT(C66),COUNTIF(E66:AH66,"T"),"") -> 0
A67: 4 | B67: =SF2_Default!C66 -> 24-001215 | C67: =SF2_Default!D66 -> BONIFACIO MARY JOICE BONIFACIO | AI67: =IF(ISTEXT(C67),COUNTIF(E67:AH67,"X"),"") -> 0 | AJ67: =IF(ISTEXT(C67),COUNTIF(E67:AH67,"T"),"") -> 0
A68: 5 | B68: =SF2_Default!C67 -> 25-001589 | C68: =SF2_Default!D67 -> CABUSA KYRIE BLAIRE TENERIFE | AI68: =IF(ISTEXT(C68),COUNTIF(E68:AH68,"X"),"") -> 0 | AJ68: =IF(ISTEXT(C68),COUNTIF(E68:AH68,"T"),"") -> 0
A69: 6 | B69: =SF2_Default!C68 -> 22-000390 | C69: =SF2_Default!D68 -> DELA CRUZ BRINA MARCE GATUS | AI69: =IF(ISTEXT(C69),COUNTIF(E69:AH69,"X"),"") -> 0 | AJ69: =IF(ISTEXT(C69),COUNTIF(E69:AH69,"T"),"") -> 0
A70: 7 | B70: =SF2_Default!C69 -> 19-00080 | C70: =SF2_Default!D69 -> DELOS REYES KREEZHA CYLEE D | AI70: =IF(ISTEXT(C70),COUNTIF(E70:AH70,"X"),"") -> 0 | AJ70: =IF(ISTEXT(C70),COUNTIF(E70:AH70,"T"),"") -> 0
A71: 8 | B71: =SF2_Default!C70 -> 19-00075 | C71: =SF2_Default!D70 -> ESCOTO RICH ANNE MARY REYES | AI71: =IF(ISTEXT(C71),COUNTIF(E71:AH71,"X"),"") -> 0 | AJ71: =IF(ISTEXT(C71),COUNTIF(E71:AH71,"T"),"") -> 0
A72: 9 | B72: =SF2_Default!C71 -> 20-00037 | C72: =SF2_Default!D71 -> FORTUNO AZZURIE SOLAYMAN | AI72: =IF(ISTEXT(C72),COUNTIF(E72:AH72,"X"),"") -> 0 | AJ72: =IF(ISTEXT(C72),COUNTIF(E72:AH72,"T"),"") -> 0
A73: 10 | B73: =SF2_Default!C72 -> 25-000884 | C73: =SF2_Default!D72 -> FORTUNO JAYRA VALERIO | AI73: =IF(ISTEXT(C73),COUNTIF(E73:AH73,"X"),"") -> 0 | AJ73: =IF(ISTEXT(C73),COUNTIF(E73:AH73,"T"),"") -> 0
A74: 11 | B74: =SF2_Default!C73 -> 25-001164 | C74: =SF2_Default!D73 -> FUENTES BREEANA KLEIN ALMONIÑA | AI74: =IF(ISTEXT(C74),COUNTIF(E74:AH74,"X"),"") -> 0 | AJ74: =IF(ISTEXT(C74),COUNTIF(E74:AH74,"T"),"") -> 0
A75: 12 | B75: =SF2_Default!C74 -> 25-000191 | C75: =SF2_Default!D74 -> GABUTEN KEISZHA ANDREA ANTIOJO | AI75: =IF(ISTEXT(C75),COUNTIF(E75:AH75,"X"),"") -> 0 | AJ75: =IF(ISTEXT(C75),COUNTIF(E75:AH75,"T"),"") -> 0
... A113: 50 | B113: =SF2_Default!C112 -> 0 | C113: =SF2_Default!D112 -> 0 | AI113: =IF(ISTEXT(C113),COUNTIF(E113:AH113,"X"),"") | AJ113: =IF(ISTEXT(C113),COUNTIF(E113:AH113,"T"),"")
C114: =COUNTIF(C64:C113,"*") -> 22 | E114: =IF(ISNUMBER(E$10),COUNTIF(E64:E113,"X"),"") | F114: =IF(ISNUMBER(F$10),COUNTIF(F64:F113,"X"),"") | G114: =IF(ISNUMBER(G$10),COUNTIF(G64:G113,"X"),"") | H114: =IF(ISNUMBER(H$10),COUNTIF(H64:H113,"X"),"") -> 0 | I114: =IF(ISNUMBER(I$10),COUNTIF(I64:I113,"X"),"") -> 0 | J114: =IF(ISNUMBER(J$10),COUNTIF(J64:J113,"X"),"") | K114: =IF(ISNUMBER(K$10),COUNTIF(K64:K113,"X"),"") -> 0 | L114: =IF(ISNUMBER(L$10),COUNTIF(L64:L113,"X"),"") -> 0 | ... AH114: =IF(ISNUMBER(AH$10),COUNTIF(AH64:AH113,"X"),"") | AI114: =SUM(AI64:AI113) -> 0 | AJ114: =SUM(AJ64:AJ113) -> 0
A115: FEMALE | TOTAL Per Day >>> | E115: =IF(ISNUMBER(E$10),$C$114-E114,"") | F115: =IF(ISNUMBER(F$10),$C$114-F114,"") | G115: =IF(ISNUMBER(G$10),$C$114-G114,"") | H115: =IF(ISNUMBER(H$10),$C$114-H114,"") -> 22 | I115: =IF(ISNUMBER(I$10),$C$114-I114,"") -> 22 | J115: =IF(ISNUMBER(J$10),$C$114-J114,"") | K115: =IF(ISNUMBER(K$10),$C$114-K114,"") -> 22 | L115: =IF(ISNUMBER(L$10),$C$114-L114,"") -> 22 | ... AH115: =IF(ISNUMBER(AH$10),$C$114-AH114,"") | AI115: =SUM(E115:AH115) -> 550 | AJ115: <<< Total FEMALE present for the month
A116: Combined TOTAL PER DAY | E116: =IF(ISNUMBER(E$10),E63+E115,"") | F116: =IF(ISNUMBER(F$10),F63+F115,"") | G116: =IF(ISNUMBER(G$10),G63+G115,"") | H116: =IF(ISNUMBER(H$10),H63+H115,"") -> 43 | I116: =IF(ISNUMBER(I$10),I63+I115,"") -> 43 | J116: =IF(ISNUMBER(J$10),J63+J115,"") | K116: =IF(ISNUMBER(K$10),K63+K115,"") -> 43 | L116: =IF(ISNUMBER(L$10),L63+L115,"") -> 43 | ... AH116: =IF(ISNUMBER(AH$10),AH63+AH115,"") | AI116: =AI63+AI115 -> 1075 | AJ116: <<< COMBINED total present for the month
C117: FOOTER
A118: GUIDELINES: | R118: 1. CODES FOR CHECKING ATTENDANCE | AH118: Month: | AK118: No. of Days of Classes: | AM118: =COUNTIF(E10:AH10,">0") -> 25 | AN118: Summary
A119: 1. The attendance shall be accomplished daily. Refer to the codes for checking learners' attendance. | R119: (blank) - Present; (X) - Absent; (T)- Tardy | AH119: =Y5 -> MAY | AN119: M | AO119: F | AP119: TOTAL
A120: 2. Dates shall be written in the columns after Learner's Name. | AH120: * Enrolment as of (1st Friday of June) | AN120: =SF2_Default!H11 -> 21 | AO120: =SF2_Default!J11 -> 22 | AP120: =SUM(AN120:AO120) -> 43
A121: 3. To compute the following: | R121: 2. REASONS/CAUSES FOR DROPPING OUT
A122: a. | C122: Percentage of Enrolment = | E122: Registered Learners as of end of the month | O122: x 100 | R122: a. Domestic-Related Factors | AH122: Late Enrollment during the month (beyond cut-off) | AN122: 0 | AO122: 0 | AP122: =SUM(AN122:AO122) -> 0
E123: Enrolment as of 1st Friday of the school year | R123: a.1. Had to take care of siblings
A124: b. | C124: Average Daily Attendance = | E124: Total Daily Attendance | R124: a.2. Early marriage/pregnancy | AH124: Registered Learners as of end of the month | AN124: =$C$62 -> 21 | AO124: =$C$114 -> 22 | AP124: =SUM(AN124:AO124) -> 43
E125: Number of School Days in reporting month | R125: a.3. Parents' attitude toward schooling
A126: c. | C126: Percentage of Attendance for the month = | E126: Average daily attendance | O126: x 100 | R126: a.4. Family problems | AH126: Percentage of Enrolment as of end of the month | AN126: =IF(ISNUMBER(AN120),AN124/AN120,"") -> 1 | AO126: =IF(ISNUMBER(AO120),AO124/AO120,"") -> 1 | AP126: =IF(AP120>0,AP124/AP120,"") -> 1
E127: Registered Learners as of end of the month | R127: b. Individual-Related Factors
R128: b.1. Illness | AH128: Average Daily Attendance | AN128: =ROUND($AI$63/$AM$118,2) -> 21 | AO128: =ROUND($AI$115/$AM$118,2) -> 22 | AP128: =ROUND(SUM(AN128:AO128),2) -> 43
A129: 4. Every end of the month, the class adviser will submit this form to the office of the principal for recording of summary table into School Form 4. Once signed by the principal, this form should be returned to the adviser. | R129: b.2. Overage
R130: b.3. Death | AH130: Percentage of Attendance for the month | AN130: =AN128/AN124 -> 1 | AO130: =AO128/AO124 -> 1 | AP130: =AVERAGE(AN130:AO131) -> 1
A131: 5. The adviser will provide neccessary interventions including but not limited to home visitation to learner/s who were absent for 5 consecutive days and/or those at risk of dropping out. | R131: b.4. Drug Abuse
R132: b.5. Poor academic performance | AH132: Number of students absent for 5 consecutive days | AN132: 0 | AO132: 0 | AP132: =SUM(AN132:AO132) -> 0
A133: 6. Attendance performance of learners will be reflected in Form 137 and Form 138 every grading period. | R133: b.6. Lack of interest/Distractions
A134: * | C134: Beginning of School Year cut-off report is every 1st Friday of the School Year | R134: b.7. Hunger/Malnutrition | AH134: Drop out | AN134: 0 | AO134: 0 | AP134: =SUM(AN134:AO134) -> 0
R135: c. School-Related Factors
C136: Computations: | R136: c.1. Teacher Factor | AH136: Transferred out | AN136: 0 | AO136: 0 | AP136: =SUM(AN136:AO136) -> 0
E137: MALE | J137: FEMALE | R137: c.2. Physical condition of classroom
C138: a. Percentage of Enrolment = | E138: =$AN$124 -> 21 | G138: x 100 | J138: =$AO$124 -> 22 | L138: x 100 | R138: c.3. Peer influence | AH138: Transferred in | AN138: 0 | AO138: 0 | AP138: =SUM(AN138:AO138) -> 0
E139: =$AN$120 -> 21 | J139: =$AO$120 -> 22 | R139: d. Geographic/Environmental
R140: d.1. Distance between home and school
C141: b. Average Daily Attendance = | E141: =$AI$63 -> 525 | J141: =$AI$115 -> 550 | R141: d.2. Armed conflict (incl. Tribal wars & clanfeuds) | AH141: I certify that this is a true and correct report.
E142: =$AM$118 -> 25 | J142: =$AM$118 -> 25 | R142: d.3. Calamities/Disasters
R143: e. Financial-Related | AJ143: =SF2_Default!O9 -> Mr. John Rey Tubello
C144: c. Percentage of Attendance for the month = | E144: =$AN$128 -> 21 | G144: x 100 | J144: =$AO$128 -> 22 | L144: x 100 | R144: e.1. Child labor, work | AJ144: (Signature of Class Adviser over Printed Name)
E145: =$AN$124 -> 21 | J145: =$AO$124 -> 22 | R145: f. Others (Specify)
AH146: Attested by:
AJ147: =SF2_Default!O11 -> Mrs. Lucile Ariette A. Bautista
C148: School Form 2 : Page 1 of 1 | AJ148: =SF2_Default!N11 -> School Principal
